-- phpMyAdmin SQL Dump
-- version 4.7.7
-- https://www.phpmyadmin.net/
--
-- Хост: localhost:3306
-- Время создания: Сен 20 2018 г., 22:45
-- Версия сервера: 5.6.39-83.1
-- Версия PHP: 5.6.30

SET SQL_MODE = "NO_AUTO_VALUE_ON_ZERO";
SET AUTOCOMMIT = 0;
START TRANSACTION;
SET time_zone = "+00:00";


/*!40101 SET @OLD_CHARACTER_SET_CLIENT=@@CHARACTER_SET_CLIENT */;
/*!40101 SET @OLD_CHARACTER_SET_RESULTS=@@CHARACTER_SET_RESULTS */;
/*!40101 SET @OLD_COLLATION_CONNECTION=@@COLLATION_CONNECTION */;
/*!40101 SET NAMES utf8mb4 */;

--
-- База данных: `u0560543_ostouz`
--

-- --------------------------------------------------------

--
-- Структура таблицы `categories`
--

CREATE TABLE `categories` (
  `id` int(10) UNSIGNED NOT NULL,
  `parent_id` int(11) NOT NULL,
  `title_ru` varchar(255) COLLATE utf8_unicode_ci NOT NULL,
  `title_uz` varchar(255) COLLATE utf8_unicode_ci NOT NULL,
  `description_ru` text COLLATE utf8_unicode_ci,
  `description_uz` text COLLATE utf8_unicode_ci,
  `icon` varchar(255) COLLATE utf8_unicode_ci NOT NULL DEFAULT 'icon-womens-clothing',
  `alias` varchar(255) COLLATE utf8_unicode_ci NOT NULL,
  `created_at` timestamp NULL DEFAULT NULL,
  `updated_at` timestamp NULL DEFAULT NULL,
  `main_image` varchar(255) COLLATE utf8_unicode_ci DEFAULT NULL
) ENGINE=InnoDB DEFAULT CHARSET=utf8 COLLATE=utf8_unicode_ci;

--
-- Дамп данных таблицы `categories`
--

INSERT INTO `categories` (`id`, `parent_id`, `title_ru`, `title_uz`, `description_ru`, `description_uz`, `icon`, `alias`, `created_at`, `updated_at`, `main_image`) VALUES
(1, 0, 'Женская одежда', 'Category first', '', 'Category first', '<i class=\"icon-womens-clothing\"></i>', 'pervaya-kategoriya', '2018-07-11 03:41:41', '2018-08-03 07:25:33', '1_1532601388.png'),
(2, 0, 'Мужская одежда', 'Первая категория', '', 'Первая категория', '<i class=\"icon-mens-clothing\"></i>', 'pervaya-kategoriya-1', '2018-07-11 04:38:58', '2018-08-03 07:26:05', '2_1532601396.png'),
(3, 0, 'Детская одежда', 'Первая категория', '', 'Первая категория', '<i class=\"icon-kids-clothing\"></i>', 'pervaya-kategoriya-2', '2018-07-11 04:40:01', '2018-08-03 07:26:14', '3_1532601405.png'),
(4, 1, 'Платья', 'Под категория 1', 'Платья', 'Под категория 1', 'icon-womens-clothing', 'pod-kategoriya-1', '2018-07-11 06:07:44', '2018-07-26 07:37:43', NULL),
(5, 0, 'Обувь', 'Обувь', '', '', '<i class=\"icon-shoes-icon\"></i>', 'obuv', '2018-07-26 07:32:07', '2018-08-03 07:26:28', '5_1532601414.png'),
(6, 0, 'Аксессуары', 'Аксессуары', '', '', '<i class=\"icon-watches-jewelery\"></i>', 'aksessuary', '2018-07-26 07:32:23', '2018-08-03 07:26:38', '6_1532601425.png'),
(7, 1, 'Рубашки и Блузки', 'Топы и Футболки', '', '', 'icon-womens-clothing', 'topy-i-futbolki', '2018-07-26 07:37:56', '2018-08-27 04:09:01', ''),
(8, 1, 'Топы', 'Блузки и Рубашки', '', '', 'icon-womens-clothing', 'bluzki-i-rubashki', '2018-07-26 07:38:06', '2018-08-27 04:10:30', ''),
(9, 1, 'Костюмы', 'Пиджаки и Жилеты', '', '', '\r\n                            <i class=\"icon-mens-clothing\"></i>                        ', 'pidzhaki-i-zhilety', '2018-07-26 07:38:16', '2018-08-27 04:15:13', ''),
(10, 1, 'Кардиганы и Свитеры', 'Кардиганы и Джемперы', '', '', 'icon-womens-clothing', 'kardigany-i-dzhempery', '2018-07-26 07:38:26', '2018-08-27 04:17:27', ''),
(11, 1, 'Куртки и Пальто', 'Куртки и Пальто', '', '', 'icon-womens-clothing', 'kurtki-i-palto', '2018-07-26 07:38:38', '2018-07-26 07:38:38', NULL),
(12, 1, 'Брюки', 'Брюки', '', '', 'icon-womens-clothing', 'bryuki', '2018-07-26 07:38:50', '2018-07-26 07:38:50', NULL),
(13, 1, 'Юбки', 'Джинсы', '', '', 'icon-womens-clothing', 'dzhinsy', '2018-07-26 07:39:00', '2018-08-27 04:28:55', ''),
(14, 1, 'Шорты', 'Юбки', '', '', 'icon-womens-clothing', 'yubki', '2018-07-26 07:39:08', '2018-08-27 04:31:03', ''),
(15, 1, 'Джинсы', 'Шорты', '', '', 'icon-womens-clothing', 'shorty', '2018-07-26 07:39:16', '2018-08-27 04:32:05', ''),
(16, 1, 'Спортивная одежда', 'Комбинезоны', '', '', 'icon-womens-clothing', 'kombinezony', '2018-07-26 07:39:26', '2018-08-27 04:34:47', ''),
(17, 1, 'Белье ', 'Белье и Пижамы', '', '', 'icon-womens-clothing', 'bele-i-pizhamy', '2018-07-26 07:39:37', '2018-08-27 04:38:46', ''),
(18, 1, 'Купальники ', 'Купальники и Пляжная одежда', 'Купальники и Пляжная одежда', '', 'icon-womens-clothing', 'kupalniki-i-plyazhnaya-odezhda', '2018-07-26 07:39:49', '2018-08-27 04:42:27', ''),
(19, 1, 'Трикотаж', 'Трикотаж', '', '', 'icon-womens-clothing', 'trikotazh', '2018-07-26 07:39:56', '2018-07-26 07:39:56', NULL),
(22, 1, 'Одежда для беременных', 'Одежда для беременных', '', '', 'icon-womens-clothing', 'odezhda-dlya-beremennykh', '2018-07-26 07:40:20', '2018-07-26 07:40:20', NULL),
(25, 2, 'Футболки и майки', 'Футболки и майки', '', '', 'icon-womens-clothing', 'futbolki-i-mayki', '2018-07-26 07:41:11', '2018-07-26 07:41:11', NULL),
(26, 2, 'Рубашки', 'Рубашки', '', '', 'icon-womens-clothing', 'rubashki', '2018-07-26 07:41:19', '2018-07-26 07:41:19', NULL),
(27, 2, 'Костюмы', 'Худи и толстовки', '', '', 'icon-womens-clothing', 'khudi-i-tolstovki', '2018-07-26 07:41:29', '2018-08-27 05:02:55', ''),
(28, 2, 'Кардиганы и Свитеры', 'Кардиганы и Джемперы', '', '', 'icon-womens-clothing', 'kardigany-i-dzhempery-1', '2018-07-26 07:41:36', '2018-08-27 05:05:24', ''),
(30, 2, 'Куртки и Пальто', 'Куртки и Пальто', '', '', 'icon-womens-clothing', 'kurtki-i-palto-1', '2018-07-26 07:41:56', '2018-07-26 07:41:56', NULL),
(31, 2, 'Брюки', 'Брюки', '', '', 'icon-womens-clothing', 'bryuki-1', '2018-07-26 07:42:04', '2018-07-26 07:42:04', NULL),
(32, 2, 'Шорты', 'Джинсы', '', '', 'icon-womens-clothing', 'dzhinsy-1', '2018-07-26 07:42:11', '2018-08-27 05:15:39', ''),
(33, 2, 'Джинсы', 'Спортивная одежда', '', '', 'icon-womens-clothing', 'sportivnaya-odezhda-1', '2018-07-26 07:42:18', '2018-08-27 05:16:38', ''),
(34, 2, 'Спортивная одежда', 'Одежда для плавания', '', '', 'icon-womens-clothing', 'odezhda-dlya-plavaniya', '2018-07-26 07:42:26', '2018-08-27 05:18:17', ''),
(35, 2, 'Белье', 'Белье', '', '', 'icon-womens-clothing', 'bele', '2018-07-26 07:42:35', '2018-07-26 07:42:35', NULL),
(36, 2, 'Одежда для плавания ', 'Носки', '', '', 'icon-womens-clothing', 'noski', '2018-07-26 07:42:42', '2018-08-27 05:22:29', ''),
(37, 2, 'Трикотаж ', 'Дополнительные размеры', '', '', 'icon-womens-clothing', 'dopolnitelnye-razmery-2', '2018-07-26 07:42:49', '2018-08-27 05:23:33', ''),
(38, 3, 'Новорожденные', 'Новорожденные', '', '', 'icon-womens-clothing', 'novorozhdennye', '2018-07-26 07:43:02', '2018-07-26 07:43:02', NULL),
(39, 3, 'Мальчики (1-3 года)', 'Девочки', '', '', 'icon-womens-clothing', 'devochki', '2018-07-26 07:43:09', '2018-08-27 07:22:16', ''),
(40, 3, 'Девочки (1-3 года)', 'Мальчики', '', '', 'icon-womens-clothing', 'malchiki', '2018-07-26 07:43:15', '2018-08-27 07:29:50', ''),
(41, 5, 'Женская', 'Женская', '', '', 'icon-womens-clothing', 'zhenskaya', '2018-07-26 07:43:32', '2018-07-26 07:43:32', NULL),
(42, 5, 'Мужская', 'Мужская', '', '', 'icon-womens-clothing', 'muzhskaya', '2018-07-26 07:43:40', '2018-07-26 07:43:40', NULL),
(43, 5, 'Детская', 'Детская', '', '', 'icon-womens-clothing', 'detskaya', '2018-07-26 07:43:47', '2018-07-26 07:43:47', NULL),
(44, 6, 'Женские аксессуары', 'Женские аксессуары', '', '', 'icon-womens-clothing', 'zhenskie-aksessuary', '2018-07-26 07:43:58', '2018-07-26 07:43:58', NULL),
(55, 6, 'Мужские аксессуары', 'Мужские аксессуары', '', '', 'icon-womens-clothing', 'muzhskie-aksessuary', '2018-07-26 07:45:21', '2018-07-26 07:45:21', NULL),
(59, 6, 'Детские аксессуары', 'Детские аксессуары', '', '', 'icon-womens-clothing', 'detskie-aksessuary', '2018-07-26 07:46:32', '2018-07-26 07:46:32', NULL),
(60, 4, 'Короткие платья', '3 подуровень', '', '', '\r\n                            <i class=\"icon-womens-clothing\"></i>                        ', '3-poduroven', '2018-08-02 04:42:08', '2018-08-27 04:04:43', ''),
(63, 4, 'Миди платья', 'Под категория 1', 'Платья', 'Под категория 1', 'icon-womens-clothing', 'midi-platya', '2018-08-27 04:05:44', '2018-08-27 04:05:44', NULL),
(64, 4, 'Длинные платья', 'Под категория 1', 'Платья', 'Под категория 1', 'icon-womens-clothing', 'dlinnye-platya', '2018-08-27 04:06:03', '2018-08-27 04:06:03', NULL),
(65, 4, 'Коктейльные платья', 'Под категория 1', 'Платья', 'Под категория 1', 'icon-womens-clothing', 'kokteylnye-platya', '2018-08-27 04:06:34', '2018-08-27 04:06:34', NULL),
(66, 4, 'Свадебные платья', 'Под категория 1', 'Платья', 'Под категория 1', 'icon-womens-clothing', 'svadebnye-platya', '2018-08-27 04:07:18', '2018-08-27 04:07:18', NULL),
(67, 4, 'Комбинезоны', 'Под категория 1', 'Платья', 'Под категория 1', 'icon-womens-clothing', 'kombinezony-1', '2018-08-27 04:07:37', '2018-08-27 04:07:37', NULL),
(68, 7, 'Рубашки', 'Топы и Футболки', '', '', 'icon-womens-clothing', 'rubashki-1', '2018-08-27 04:09:23', '2018-08-27 04:09:23', NULL),
(69, 7, ' Блузки', 'Топы и Футболки', '', '', 'icon-womens-clothing', 'bluzki', '2018-08-27 04:09:42', '2018-08-27 04:09:42', NULL),
(70, 7, 'Туники', 'Топы и Футболки', '', '', 'icon-womens-clothing', 'tuniki', '2018-08-27 04:10:02', '2018-08-27 04:10:02', NULL),
(71, 8, 'Топы', 'Блузки и Рубашки', '', '', 'icon-womens-clothing', 'topy', '2018-08-27 04:10:52', '2018-08-27 04:10:52', NULL),
(72, 8, 'С короткими рукавами', 'Блузки и Рубашки', '', '', 'icon-womens-clothing', 's-korotkimi-rukavami', '2018-08-27 04:11:15', '2018-08-27 04:11:15', NULL),
(73, 8, 'С длинными рукавами', 'Блузки и Рубашки', '', '', 'icon-womens-clothing', 's-dlinnymi-rukavami', '2018-08-27 04:11:35', '2018-08-27 04:11:35', NULL),
(74, 8, 'Футболки', 'Блузки и Рубашки', '', '', 'icon-womens-clothing', 'futbolki', '2018-08-27 04:11:51', '2018-08-27 04:11:51', NULL),
(75, 8, 'Поло', 'Блузки и Рубашки', '', '', 'icon-womens-clothing', 'polo', '2018-08-27 04:12:14', '2018-08-27 04:12:14', NULL),
(76, 8, 'Боди', 'Блузки и Рубашки', '', '', 'icon-womens-clothing', 'bodi', '2018-08-27 04:12:32', '2018-08-27 04:12:32', NULL),
(77, 8, 'Кропы', 'Блузки и Рубашки', '', '', 'icon-womens-clothing', 'kropy', '2018-08-27 04:12:45', '2018-08-27 04:12:45', NULL),
(78, 9, 'Пиджаки', 'Пиджаки и Жилеты', '', '', 'icon-womens-clothing', 'pidzhaki', '2018-08-27 04:15:43', '2018-08-27 04:15:43', NULL),
(79, 9, 'Костюмы', 'Пиджаки и Жилеты', '', '', 'icon-womens-clothing', 'kostyumy', '2018-08-27 04:16:11', '2018-08-27 04:16:11', NULL),
(80, 9, 'Жилеты', 'Пиджаки и Жилеты', '', '', 'icon-womens-clothing', 'zhilety', '2018-08-27 04:16:22', '2018-08-27 04:16:22', NULL),
(81, 10, 'Кардиганы', 'Кардиганы и Джемперы', '', '', 'icon-womens-clothing', 'kardigany', '2018-08-27 04:18:29', '2018-08-27 04:18:29', NULL),
(82, 10, 'Свитеры', 'Кардиганы и Джемперы', '', '', 'icon-womens-clothing', 'svitery', '2018-08-27 04:18:41', '2018-08-27 04:18:41', NULL),
(83, 10, 'Пуловеры', 'Кардиганы и Джемперы', '', '', 'icon-womens-clothing', 'pulovery', '2018-08-27 04:19:03', '2018-08-27 04:19:03', NULL),
(84, 10, 'Худи и толстовки', 'Кардиганы и Джемперы', '', '', 'icon-womens-clothing', 'khudi-i-tolstovki-1', '2018-08-27 04:22:01', '2018-08-27 04:22:01', NULL),
(85, 11, 'Куртки', 'Куртки и Пальто', '', '', 'icon-womens-clothing', 'kurtki', '2018-08-27 04:22:43', '2018-08-27 04:22:43', NULL),
(86, 11, 'Пальто', 'Куртки и Пальто', '', '', 'icon-womens-clothing', 'palto', '2018-08-27 04:22:52', '2018-08-27 04:22:52', NULL),
(87, 11, 'Бомберы', 'Куртки и Пальто', '', '', 'icon-womens-clothing', 'bompery', '2018-08-27 04:23:15', '2018-08-29 07:01:20', ''),
(88, 11, 'Кожаные куртки', 'Куртки и Пальто', '', '', 'icon-womens-clothing', 'kozhanye-kurtki', '2018-08-27 04:24:23', '2018-08-27 04:24:23', NULL),
(89, 11, 'Шубы', 'Куртки и Пальто', '', '', 'icon-womens-clothing', 'shuby', '2018-08-27 04:24:41', '2018-08-27 04:24:41', NULL),
(90, 11, 'Джинсовые куртки', 'Куртки и Пальто', '', '', 'icon-womens-clothing', 'dzhinsovye-kurtki', '2018-08-27 04:25:05', '2018-08-27 04:25:05', NULL),
(91, 11, 'Парки ', 'Куртки и Пальто', '', '', 'icon-womens-clothing', 'parki', '2018-08-27 04:25:31', '2018-08-27 04:25:31', NULL),
(92, 11, 'Плащи', 'Куртки и Пальто', '', '', 'icon-womens-clothing', 'plashchi', '2018-08-27 04:25:49', '2018-08-27 04:25:49', NULL),
(93, 12, 'Брюки', 'Брюки', '', '', 'icon-womens-clothing', 'bryuki-2', '2018-08-27 04:26:34', '2018-08-27 04:26:34', NULL),
(94, 12, 'Леггинсы ', 'Брюки', '', '', 'icon-womens-clothing', 'legginsy', '2018-08-27 04:26:54', '2018-08-27 04:26:54', NULL),
(95, 12, 'Джоггеры', 'Брюки', '', '', 'icon-womens-clothing', 'dzhoggery', '2018-08-27 04:27:06', '2018-08-27 04:27:06', NULL),
(96, 12, 'Узкие', 'Брюки', '', '', 'icon-womens-clothing', 'uzkie', '2018-08-27 04:27:18', '2018-08-27 04:27:18', NULL),
(97, 12, 'Широкие', 'Брюки', '', '', 'icon-womens-clothing', 'shirokie', '2018-08-27 04:27:33', '2018-08-27 04:27:33', NULL),
(98, 12, 'Чиносы ', 'Брюки', '', '', 'icon-womens-clothing', 'chinosy', '2018-08-27 04:27:56', '2018-08-27 04:27:56', NULL),
(99, 12, 'Кюлоты ', 'Брюки', '', '', 'icon-womens-clothing', 'kyuloty', '2018-08-27 04:28:13', '2018-08-27 04:28:13', NULL),
(100, 13, 'Мини-юбки', 'Джинсы', '', '', 'icon-womens-clothing', 'mini-yubki', '2018-08-27 04:29:57', '2018-08-27 04:29:57', NULL),
(101, 13, 'Миди-юбки', 'Джинсы', '', '', 'icon-womens-clothing', 'midi-yubki', '2018-08-27 04:30:14', '2018-08-27 04:30:14', NULL),
(102, 13, 'Макси-юбки', 'Джинсы', '', '', 'icon-womens-clothing', 'maksi-yubki', '2018-08-27 04:30:31', '2018-08-27 04:30:31', NULL),
(103, 14, 'Шорты', 'Юбки', '', '', 'icon-womens-clothing', 'shorty-1', '2018-08-27 04:31:20', '2018-08-27 04:31:20', NULL),
(104, 14, 'Джинсовые шорты', 'Юбки', '', '', 'icon-womens-clothing', 'dzhinsovye-shorty', '2018-08-27 04:31:37', '2018-08-27 04:31:37', NULL),
(105, 15, 'Узкие', 'Шорты', '', '', 'icon-womens-clothing', 'uzkie-1', '2018-08-27 04:32:27', '2018-08-27 04:32:27', NULL),
(106, 15, 'Облегающие ', 'Шорты', '', '', 'icon-womens-clothing', 'oblegayushchie', '2018-08-27 04:32:42', '2018-08-27 04:32:42', NULL),
(107, 15, 'Прямые', 'Шорты', '', '', 'icon-womens-clothing', 'pryamye', '2018-08-27 04:33:04', '2018-08-27 04:33:04', NULL),
(108, 15, 'Расклешенные ', 'Шорты', '', '', 'icon-womens-clothing', 'raskleshennye', '2018-08-27 04:33:39', '2018-08-27 04:33:39', NULL),
(109, 15, 'Свободные', 'Шорты', '', '', 'icon-womens-clothing', 'svobodnye', '2018-08-27 04:34:05', '2018-08-27 04:34:05', NULL),
(110, 16, 'Топы', 'Комбинезоны', '', '', 'icon-womens-clothing', 'topy-1', '2018-08-27 04:35:24', '2018-08-27 04:35:24', NULL),
(111, 16, 'Спортивные бра', 'Комбинезоны', '', '', 'icon-womens-clothing', 'sportivnoe-bra', '2018-08-27 04:35:50', '2018-08-27 04:36:18', ''),
(112, 16, 'Спортивные куртки', 'Комбинезоны', '', '', 'icon-womens-clothing', 'sportivnye-kurtki', '2018-08-27 04:36:47', '2018-08-27 04:36:47', NULL),
(113, 16, 'Леггинсы', 'Комбинезоны', '', '', 'icon-womens-clothing', 'legginsy-1', '2018-08-27 04:37:14', '2018-08-27 04:37:14', NULL),
(114, 16, 'Шорты', 'Комбинезоны', '', '', 'icon-womens-clothing', 'shorty-2', '2018-08-27 04:37:25', '2018-08-27 04:37:25', NULL),
(115, 16, 'Брюки', 'Комбинезоны', '', '', 'icon-womens-clothing', 'bryuki-3', '2018-08-27 04:37:40', '2018-08-27 04:37:40', NULL),
(116, 16, 'Спортивные комплекты', 'Комбинезоны', '', '', 'icon-womens-clothing', 'sportivnyy-komplekt', '2018-08-27 04:38:03', '2018-08-27 07:28:40', ''),
(117, 17, 'Комплекты ', 'Белье и Пижамы', '', '', 'icon-womens-clothing', 'komplekty', '2018-08-27 04:39:29', '2018-08-27 04:39:29', NULL),
(118, 17, 'Майки', 'Белье и Пижамы', '', '', 'icon-womens-clothing', 'mayki', '2018-08-27 04:39:43', '2018-08-27 04:39:43', NULL),
(119, 17, 'Бюстгалтеры ', 'Белье и Пижамы', '', '', 'icon-womens-clothing', 'byustgaltery', '2018-08-27 04:40:15', '2018-08-27 04:40:15', NULL),
(120, 17, 'Трусики', 'Белье и Пижамы', '', '', 'icon-womens-clothing', 'trusiki', '2018-08-27 04:40:28', '2018-08-27 04:40:28', NULL),
(121, 17, 'Пеньюары ', 'Белье и Пижамы', '', '', 'icon-womens-clothing', 'penyuary', '2018-08-27 04:40:48', '2018-08-27 04:40:48', NULL),
(122, 17, 'Пижамы', 'Белье и Пижамы', '', '', 'icon-womens-clothing', 'pizhamy', '2018-08-27 04:41:06', '2018-08-27 04:41:06', NULL),
(123, 17, 'Халаты', 'Белье и Пижамы', '', '', 'icon-womens-clothing', 'khalaty', '2018-08-27 04:41:22', '2018-08-27 04:41:22', NULL),
(124, 18, 'Раздельные ', 'Купальники и Пляжная одежда', 'Купальники и Пляжная одежда', '', 'icon-womens-clothing', 'razdelnye', '2018-08-27 04:42:54', '2018-08-27 04:42:54', NULL),
(125, 18, 'Сплошные ', 'Купальники и Пляжная одежда', 'Купальники и Пляжная одежда', '', 'icon-womens-clothing', 'sploshnye', '2018-08-27 04:43:11', '2018-08-27 04:43:11', NULL),
(126, 18, 'Пляжная одежда', 'Купальники и Пляжная одежда', 'Купальники и Пляжная одежда', '', 'icon-womens-clothing', 'plyazhnaya-odezhda', '2018-08-27 04:43:36', '2018-08-27 04:43:36', NULL),
(127, 19, 'Платья', 'Трикотаж', '', '', 'icon-womens-clothing', 'platya', '2018-08-27 04:44:19', '2018-08-27 04:44:19', NULL),
(128, 19, 'Топы', 'Трикотаж', '', '', 'icon-womens-clothing', 'topy-2', '2018-08-27 04:44:30', '2018-08-27 04:44:30', NULL),
(129, 19, 'Брюки', 'Трикотаж', '', '', 'icon-womens-clothing', 'bryuki-4', '2018-08-27 04:44:42', '2018-08-27 04:44:42', NULL),
(130, 19, 'Юбки', 'Трикотаж', '', '', 'icon-womens-clothing', 'yubki-1', '2018-08-27 04:44:54', '2018-08-27 04:44:54', NULL),
(131, 19, 'Шорты', 'Трикотаж', '', '', 'icon-womens-clothing', 'shorty-3', '2018-08-27 04:45:09', '2018-08-27 04:45:09', NULL),
(132, 19, 'Белье', 'Трикотаж', '', '', 'icon-womens-clothing', 'bele-1', '2018-08-27 04:45:29', '2018-08-27 04:45:29', NULL),
(133, 22, 'Платья', 'Одежда для беременных', '', '', 'icon-womens-clothing', 'plate', '2018-08-27 04:46:55', '2018-08-27 04:47:05', ''),
(134, 22, 'Топы', 'Одежда для беременных', '', '', 'icon-womens-clothing', 'topy-3', '2018-08-27 04:47:27', '2018-08-27 04:47:27', NULL),
(135, 22, 'Брюки', 'Одежда для беременных', '', '', 'icon-womens-clothing', 'bryuki-5', '2018-08-27 04:47:44', '2018-08-27 04:47:44', NULL),
(136, 22, 'Джинсы', 'Одежда для беременных', '', '', 'icon-womens-clothing', 'dzhinsy-2', '2018-08-27 04:48:03', '2018-08-27 04:48:03', NULL),
(137, 22, 'Белье и колготки', 'Одежда для беременных', '', '', 'icon-womens-clothing', 'bele-i-kolgotki', '2018-08-27 04:48:32', '2018-08-27 04:48:32', NULL),
(138, 22, 'Одежда для кормления ', 'Одежда для беременных', '', '', 'icon-womens-clothing', 'odezhda-dlya-kormleniya', '2018-08-27 04:48:51', '2018-08-27 04:48:51', NULL),
(140, 1, 'Национальная одежда', 'Category first', '', 'Category first', 'icon-womens-clothing', 'natsionalnaya-odezhda', '2018-08-27 04:51:02', '2018-08-27 04:51:02', NULL),
(141, 140, 'Одежда из Адраса', 'Category first', '', 'Category first', 'icon-womens-clothing', 'odezhda-iz-adrasa', '2018-08-27 04:51:40', '2018-08-27 04:51:40', NULL),
(142, 140, 'Одежда из Атласа', 'Category first', '', 'Category first', 'icon-womens-clothing', 'odezhda-iz-atlasa', '2018-08-27 04:52:05', '2018-08-27 04:52:05', NULL),
(143, 25, 'Футболки ', 'Футболки и майки', '', '', 'icon-womens-clothing', 'futbolki-1', '2018-08-27 04:56:15', '2018-08-27 04:56:15', NULL),
(144, 25, 'Майки', 'Футболки и майки', '', '', 'icon-womens-clothing', 'mayki-1', '2018-08-27 04:56:33', '2018-08-27 04:56:33', NULL),
(145, 25, 'С короткими рукавами', 'Футболки и майки', '', '', 'icon-womens-clothing', 's-korotkimi-rukavami-1', '2018-08-27 04:58:01', '2018-08-27 04:58:01', NULL),
(146, 25, 'С длинными рукавами', 'Футболки и майки', '', '', 'icon-womens-clothing', 's-dlinnymi-rukavami-1', '2018-08-27 04:58:40', '2018-08-27 04:58:40', NULL),
(147, 25, 'Поло', 'Футболки и майки', '', '', 'icon-womens-clothing', 'polo-1', '2018-08-27 04:59:11', '2018-08-27 04:59:11', NULL),
(148, 26, 'Повседневные ', 'Рубашки', '', '', 'icon-womens-clothing', 'povsednevnye', '2018-08-27 05:01:22', '2018-08-27 05:01:22', NULL),
(149, 26, 'С короткими рукавами', 'Рубашки', '', '', 'icon-womens-clothing', 's-korotkimi-rukavami-2', '2018-08-27 05:01:39', '2018-08-27 05:01:39', NULL),
(150, 26, 'С длинными рукавами', 'Рубашки', '', '', 'icon-womens-clothing', 's-dlinnymi-rukavami-2', '2018-08-27 05:01:50', '2018-08-27 05:01:50', NULL),
(151, 26, 'Нарядные ', 'Рубашки', '', '', 'icon-womens-clothing', 'naryadnye', '2018-08-27 05:02:11', '2018-08-27 05:02:11', NULL),
(152, 27, 'Пиджаки', 'Худи и толстовки', '', '', 'icon-womens-clothing', 'pidzhaki-1', '2018-08-27 05:03:25', '2018-08-27 05:03:25', NULL),
(153, 27, 'Костюмные модели', 'Худи и толстовки', '', '', 'icon-womens-clothing', 'kostyumnye-modeli', '2018-08-27 05:03:54', '2018-08-27 05:03:54', NULL),
(154, 27, 'Костюмные комплекты', 'Худи и толстовки', '', '', 'icon-womens-clothing', 'kostyumnye-komplekty', '2018-08-27 05:04:37', '2018-08-27 05:04:37', NULL),
(155, 27, 'Жилеты', 'Худи и толстовки', '', '', 'icon-womens-clothing', 'zhilety-1', '2018-08-27 05:04:52', '2018-08-27 05:04:52', NULL),
(156, 28, 'Кардиганы ', 'Кардиганы и Джемперы', '', '', 'icon-womens-clothing', 'kardigany-1', '2018-08-27 05:05:46', '2018-08-27 05:05:46', NULL),
(157, 28, ' Свитеры', 'Кардиганы и Джемперы', '', '', 'icon-womens-clothing', 'svitery-1', '2018-08-27 05:05:54', '2018-08-27 05:05:54', NULL),
(158, 28, 'Пуловеры', 'Кардиганы и Джемперы', '', '', 'icon-womens-clothing', 'pulovery-1', '2018-08-27 05:06:10', '2018-08-27 05:06:10', NULL),
(159, 28, 'Худи и толстовки', 'Кардиганы и Джемперы', '', '', 'icon-womens-clothing', 'khudi-i-tolstovki-2', '2018-08-27 05:06:21', '2018-08-27 05:06:21', NULL),
(160, 30, 'Куртки ', 'Куртки и Пальто', '', '', 'icon-womens-clothing', 'kurtki-1', '2018-08-27 05:07:12', '2018-08-27 05:07:12', NULL),
(161, 30, ' Пальто', 'Куртки и Пальто', '', '', 'icon-womens-clothing', 'palto-1', '2018-08-27 05:07:42', '2018-08-27 05:07:42', NULL),
(163, 11, 'Тренчи', 'Куртки и Пальто', '', '', 'icon-womens-clothing', 'trenchi-1', '2018-08-27 05:10:45', '2018-08-27 05:10:45', NULL),
(164, 30, 'Бомберы', 'Куртки и Пальто', '', '', 'icon-womens-clothing', 'bompery-1', '2018-08-27 05:11:10', '2018-08-29 07:01:01', ''),
(165, 30, 'Кожаные куртки', 'Куртки и Пальто', '', '', 'icon-womens-clothing', 'kozhanye-kurtki-1', '2018-08-27 05:11:22', '2018-08-27 05:11:22', NULL),
(166, 30, 'Джинсовые куртки', 'Куртки и Пальто', '', '', 'icon-womens-clothing', 'dzhinsovye-kurtki-1', '2018-08-27 05:11:48', '2018-08-27 05:11:48', NULL),
(167, 30, 'Парки', 'Куртки и Пальто', '', '', 'icon-womens-clothing', 'parki-1', '2018-08-27 05:12:04', '2018-08-27 05:12:04', NULL),
(168, 30, 'Плащи', 'Куртки и Пальто', '', '', 'icon-womens-clothing', 'plashchi-1', '2018-08-27 05:12:22', '2018-08-27 05:12:22', NULL),
(169, 30, 'Тренчи', 'Куртки и Пальто', '', '', 'icon-womens-clothing', 'trenchi-1', '2018-08-27 05:12:34', '2018-08-27 05:12:34', NULL),
(170, 31, 'Брюки', 'Брюки', '', '', 'icon-womens-clothing', 'bryuki-6', '2018-08-27 05:13:03', '2018-08-27 05:13:03', NULL),
(171, 31, 'Узкие', 'Брюки', '', '', 'icon-womens-clothing', 'uzkie-2', '2018-08-27 05:13:15', '2018-08-27 05:13:15', NULL),
(172, 31, 'Прямые', 'Брюки', '', '', 'icon-womens-clothing', 'pryamye-1', '2018-08-27 05:13:28', '2018-08-27 05:13:28', NULL),
(173, 31, 'Широкие', 'Брюки', '', '', 'icon-womens-clothing', 'shirokie-1', '2018-08-27 05:14:04', '2018-08-27 05:14:04', NULL),
(174, 31, 'Чиносы', 'Брюки', '', '', 'icon-womens-clothing', 'chinosy-1', '2018-08-27 05:14:43', '2018-08-27 05:14:43', NULL),
(175, 31, 'Джоггеры', 'Брюки', '', '', 'icon-womens-clothing', 'dzhoggery-1', '2018-08-27 05:14:56', '2018-08-27 05:14:56', NULL),
(176, 32, 'Шорты', 'Джинсы', '', '', 'icon-womens-clothing', 'shorty-4', '2018-08-27 05:15:53', '2018-08-27 05:15:53', NULL),
(177, 32, 'Джинсовые шорты', 'Джинсы', '', '', 'icon-womens-clothing', 'dzhinsovye-shorty-1', '2018-08-27 05:16:05', '2018-08-27 05:16:05', NULL),
(178, 33, 'Узкие', 'Спортивная одежда', '', '', 'icon-womens-clothing', 'uzkie-3', '2018-08-27 05:16:59', '2018-08-27 05:16:59', NULL),
(179, 33, 'Прямые', 'Спортивная одежда', '', '', 'icon-womens-clothing', 'pryamye-2', '2018-08-27 05:17:13', '2018-08-27 05:17:13', NULL),
(180, 33, 'Свободные', 'Спортивная одежда', '', '', 'icon-womens-clothing', 'svobodnye-1', '2018-08-27 05:17:27', '2018-08-27 05:17:27', NULL),
(181, 34, 'Футболки и Майки', 'Одежда для плавания', '', '', 'icon-womens-clothing', 'futbolki-i-maykt', '2018-08-27 05:18:39', '2018-08-27 05:18:54', ''),
(182, 34, 'Куртки', 'Одежда для плавания', '', '', 'icon-womens-clothing', 'kurtki-2', '2018-08-27 05:19:14', '2018-08-27 05:19:14', NULL),
(183, 34, 'Брюки', 'Одежда для плавания', '', '', 'icon-womens-clothing', 'bryuki-7', '2018-08-27 05:19:27', '2018-08-27 05:19:27', NULL),
(184, 34, 'Шорты', 'Одежда для плавания', '', '', 'icon-womens-clothing', 'shorty-5', '2018-08-27 05:19:41', '2018-08-27 05:19:41', NULL),
(185, 34, 'Спортивные леггинсы', 'Одежда для плавания', '', '', 'icon-womens-clothing', 'sportivnye-legginsy', '2018-08-27 05:20:06', '2018-08-27 05:20:06', NULL),
(186, 34, 'Спортивные комплекты', 'Одежда для плавания', '', '', 'icon-womens-clothing', 'sportivnyy-komplekt-1', '2018-08-27 05:20:23', '2018-08-27 07:29:01', ''),
(187, 35, 'Комплекты', 'Белье', '', '', 'icon-womens-clothing', 'komplekty-1', '2018-08-27 05:20:57', '2018-08-27 05:20:57', NULL),
(188, 35, 'Майки', 'Белье', '', '', 'icon-womens-clothing', 'mayki-2', '2018-08-27 05:21:11', '2018-08-27 05:21:11', NULL),
(189, 35, 'Трусы', 'Белье', '', '', 'icon-womens-clothing', 'trusy', '2018-08-27 05:21:28', '2018-08-27 05:21:28', NULL),
(190, 35, 'Пижамы', 'Белье', '', '', 'icon-womens-clothing', 'pizhamy-1', '2018-08-27 05:21:45', '2018-08-27 05:21:45', NULL),
(191, 36, 'Плавки', 'Носки', '', '', 'icon-womens-clothing', 'plavki', '2018-08-27 05:22:52', '2018-08-27 05:22:52', NULL),
(192, 36, 'Пляжная одежда', 'Носки', '', '', 'icon-womens-clothing', 'plyazhnaya-odezhda-1', '2018-08-27 05:23:06', '2018-08-27 05:23:06', NULL),
(193, 37, 'Верняя одежда', 'Дополнительные размеры', '', '', 'icon-womens-clothing', 'vernyaya-odezhda', '2018-08-27 05:23:54', '2018-08-27 05:23:54', NULL),
(194, 37, 'Футболки и Майки', 'Дополнительные размеры', '', '', 'icon-womens-clothing', 'futbolki-i-mayki-1', '2018-08-27 05:24:10', '2018-08-27 05:24:10', NULL),
(195, 37, 'Брюки', 'Дополнительные размеры', '', '', 'icon-womens-clothing', 'bryuki-8', '2018-08-27 05:24:22', '2018-08-27 05:24:22', NULL),
(196, 37, 'Кальсоны ', 'Дополнительные размеры', '', '', 'icon-womens-clothing', 'kalsony', '2018-08-27 05:24:37', '2018-08-27 05:24:37', NULL),
(197, 37, 'Шорты', 'Дополнительные размеры', '', '', 'icon-womens-clothing', 'shorty-6', '2018-08-27 05:24:51', '2018-08-27 05:24:51', NULL),
(198, 37, 'Белье', 'Дополнительные размеры', '', '', 'icon-womens-clothing', 'bele-2', '2018-08-27 05:25:07', '2018-08-27 05:25:07', NULL),
(199, 38, 'Мальчикам', 'Новорожденные', '', '', 'icon-womens-clothing', 'malchikam', '2018-08-27 07:19:38', '2018-08-27 07:19:38', NULL),
(200, 38, 'Девочкам', 'Новорожденные', '', '', 'icon-womens-clothing', 'devochkam', '2018-08-27 07:19:53', '2018-08-27 07:19:53', NULL),
(201, 38, 'Унисекс', 'Новорожденные', '', '', 'icon-womens-clothing', 'uniseks', '2018-08-27 07:20:08', '2018-08-27 07:20:08', NULL),
(202, 39, 'Топы и Футболки', 'Девочки', '', '', 'icon-womens-clothing', 'topy-4', '2018-08-27 07:22:37', '2018-08-27 07:22:53', ''),
(203, 39, 'Боди', 'Девочки', '', '', 'icon-womens-clothing', 'bodi-1', '2018-08-27 07:23:15', '2018-08-27 07:23:15', NULL),
(204, 39, 'Рубашки', 'Девочки', '', '', 'icon-womens-clothing', 'rubashki-2', '2018-08-27 07:23:26', '2018-08-27 07:23:26', NULL),
(205, 39, 'Пиджаки', 'Девочки', '', '', 'icon-womens-clothing', 'pidzhaki-2', '2018-08-27 07:23:43', '2018-08-27 07:23:43', NULL),
(206, 39, 'Жилеты', 'Девочки', '', '', 'icon-womens-clothing', 'zhilety-2', '2018-08-27 07:24:39', '2018-08-27 07:24:39', NULL),
(207, 39, 'Свитеры', 'Девочки', '', '', 'icon-womens-clothing', 'svitery-2', '2018-08-27 07:24:51', '2018-08-27 07:24:51', NULL),
(208, 39, 'Худи и Толстовки', 'Девочки', '', '', 'icon-womens-clothing', 'khudi-i-tolstovki-3', '2018-08-27 07:25:10', '2018-08-27 07:25:10', NULL),
(209, 39, 'Комбинезоны', 'Девочки', '', '', 'icon-womens-clothing', 'kombinezony-2', '2018-08-27 07:25:24', '2018-08-27 07:25:24', NULL),
(210, 39, 'Куртки', 'Девочки', '', '', 'icon-womens-clothing', 'kurtki-3', '2018-08-27 07:25:40', '2018-08-27 07:25:40', NULL),
(211, 39, 'Пальто', 'Девочки', '', '', 'icon-womens-clothing', 'palto-2', '2018-08-27 07:25:54', '2018-08-27 07:25:54', NULL),
(212, 39, 'Безрукавки', 'Девочки', '', '', 'icon-womens-clothing', 'bryuki-9', '2018-08-27 07:26:07', '2018-08-27 07:39:01', ''),
(213, 39, 'Брюки', 'Девочки', '', '', 'icon-womens-clothing', 'shorty-7', '2018-08-27 07:26:20', '2018-08-27 07:39:19', ''),
(214, 39, 'Шорты', 'Девочки', '', '', 'icon-womens-clothing', 'dzhinsy-3', '2018-08-27 07:26:31', '2018-08-27 07:39:37', ''),
(215, 39, 'Джинсы', 'Девочки', '', '', 'icon-womens-clothing', 'kupalniki', '2018-08-27 07:26:44', '2018-08-27 07:39:59', ''),
(216, 39, 'Плавки', 'Девочки', '', '', 'icon-womens-clothing', 'bele-3', '2018-08-27 07:27:27', '2018-08-27 07:40:16', ''),
(217, 39, 'Белье', 'Девочки', '', '', 'icon-womens-clothing', 'pizhamy-2', '2018-08-27 07:27:38', '2018-08-27 07:40:56', ''),
(218, 39, 'Пижамы', 'Девочки', '', '', 'icon-womens-clothing', 'sportivnye-komplekty', '2018-08-27 07:28:11', '2018-08-27 07:41:15', ''),
(219, 40, 'Платья', 'Мальчики', '', '', 'icon-womens-clothing', 'platya-1', '2018-08-27 07:30:15', '2018-08-27 07:30:15', NULL),
(220, 40, 'Футболки и Майки', 'Мальчики', '', '', 'icon-womens-clothing', 'futbolki-i-mayki-2', '2018-08-27 07:30:28', '2018-08-27 07:30:28', NULL),
(221, 40, 'Боди', 'Мальчики', '', '', 'icon-womens-clothing', 'bodi-2', '2018-08-27 07:30:41', '2018-08-27 07:30:41', NULL),
(222, 40, 'Кофточки и Блузки', 'Мальчики', '', '', 'icon-womens-clothing', 'koftochki-i-bluzki', '2018-08-27 07:31:02', '2018-08-27 07:31:02', NULL),
(223, 40, 'Комбинезоны', 'Мальчики', '', '', 'icon-womens-clothing', 'kombinezony-3', '2018-08-27 07:31:20', '2018-08-27 07:31:20', NULL),
(224, 40, 'Пиджаки', 'Мальчики', '', '', 'icon-womens-clothing', 'pidzhaki-3', '2018-08-27 07:31:33', '2018-08-27 07:31:33', NULL),
(225, 40, 'Кардиганы и Свитеры', 'Мальчики', '', '', 'icon-womens-clothing', 'kardigany-i-svitery', '2018-08-27 07:31:47', '2018-08-27 07:31:47', NULL),
(226, 40, 'Куртки и Пальто', 'Мальчики', '', '', 'icon-womens-clothing', 'kurtki-i-palto-2', '2018-08-27 07:32:09', '2018-08-27 07:32:09', NULL),
(227, 40, 'Безрукавки', 'Мальчики', '', '', 'icon-womens-clothing', 'yubki-2', '2018-08-27 07:32:22', '2018-08-27 07:42:42', ''),
(228, 40, 'Юбки', 'Мальчики', '', '', 'icon-womens-clothing', 'bryuki-10', '2018-08-27 07:32:34', '2018-08-27 07:43:08', ''),
(229, 40, 'Брюки', 'Мальчики', '', '', 'icon-womens-clothing', 'shorty-8', '2018-08-27 07:32:46', '2018-08-27 07:43:28', ''),
(230, 40, 'Шорты', 'Мальчики', '', '', 'icon-womens-clothing', 'dzhinsy-4', '2018-08-27 07:33:01', '2018-08-27 07:43:53', ''),
(231, 40, 'Джинсы', 'Мальчики', '', '', 'icon-womens-clothing', 'kupalniki-1', '2018-08-27 07:33:16', '2018-08-27 07:44:08', ''),
(232, 40, 'Купальники', 'Мальчики', '', '', 'icon-womens-clothing', 'bele-4', '2018-08-27 07:33:30', '2018-08-27 07:44:34', ''),
(233, 40, 'Белье', 'Мальчики', '', '', 'icon-womens-clothing', 'pizhamy-3', '2018-08-27 07:33:44', '2018-08-27 07:44:55', ''),
(234, 40, 'Пижамы', 'Мальчики', '', '', 'icon-womens-clothing', 'sportivnye-komplekty-1', '2018-08-27 07:33:58', '2018-08-27 07:45:16', ''),
(235, 3, 'Мальчики (3-14 лет)', 'Первая категория', '', 'Первая категория', 'icon-womens-clothing', 'malchiki-3-14-let', '2018-08-27 07:34:30', '2018-08-27 07:34:30', NULL),
(236, 235, 'Топы и Футболки', 'Первая категория', '', 'Первая категория', 'icon-womens-clothing', 'topy-i-futbolki-1', '2018-08-27 07:34:56', '2018-08-27 07:34:56', NULL),
(237, 235, 'Рубашки', 'Первая категория', '', 'Первая категория', 'icon-womens-clothing', 'rubashki-3', '2018-08-27 07:35:12', '2018-08-27 07:35:12', NULL),
(238, 235, 'Пиджаки', 'Первая категория', '', 'Первая категория', 'icon-womens-clothing', 'pidzhaki-4', '2018-08-27 07:35:22', '2018-08-27 07:35:22', NULL),
(239, 235, 'Жилеты', 'Первая категория', '', 'Первая категория', 'icon-womens-clothing', 'zhilety-3', '2018-08-27 07:35:32', '2018-08-27 07:35:32', NULL),
(240, 235, 'Свитеры', 'Первая категория', '', 'Первая категория', 'icon-womens-clothing', 'svitery-3', '2018-08-27 07:35:44', '2018-08-27 07:35:44', NULL),
(241, 235, 'Худи и Толстовки', 'Первая категория', '', 'Первая категория', 'icon-womens-clothing', 'khudi-i-tolstovki-4', '2018-08-27 07:35:59', '2018-08-27 07:35:59', NULL),
(242, 235, 'Куртки', 'Первая категория', '', 'Первая категория', 'icon-womens-clothing', 'kurtki-4', '2018-08-27 07:36:10', '2018-08-27 07:36:10', NULL),
(243, 235, 'Безрукавки', 'Первая категория', '', 'Первая категория', 'icon-womens-clothing', 'bezrukavki', '2018-08-27 07:36:24', '2018-08-27 07:36:24', NULL),
(244, 39, 'Спортивные комплекты', 'Девочки', '', '', 'icon-womens-clothing', 'sportivnye-komplekty-2', '2018-08-27 07:41:51', '2018-08-27 07:41:51', NULL),
(245, 40, 'Спортивные комплекты', 'Мальчики', '', '', 'icon-womens-clothing', 'sportivnye-komplekty-3', '2018-08-27 07:45:37', '2018-08-27 07:45:37', NULL),
(246, 235, 'Пальто', 'Первая категория', '', 'Первая категория', 'icon-womens-clothing', 'palto-3', '2018-08-27 07:46:03', '2018-08-27 07:46:03', NULL),
(247, 235, 'Бомберы', 'Первая категория', '', 'Первая категория', 'icon-womens-clothing', 'bompery-2', '2018-08-27 07:46:16', '2018-08-29 07:01:50', ''),
(248, 235, 'Кожаные куртки', 'Первая категория', '', 'Первая категория', 'icon-womens-clothing', 'kozhanye-kurtki-2', '2018-08-27 07:46:34', '2018-08-27 07:46:34', NULL),
(249, 235, 'Джинсовые куртки', 'Первая категория', '', 'Первая категория', 'icon-womens-clothing', 'dzhinsovye-kurtki-2', '2018-08-27 07:46:46', '2018-08-27 07:46:46', NULL),
(250, 235, 'Парки', 'Первая категория', '', 'Первая категория', 'icon-womens-clothing', 'parki-2', '2018-08-27 07:46:59', '2018-08-27 07:46:59', NULL),
(251, 235, 'Плащи', 'Первая категория', '', 'Первая категория', 'icon-womens-clothing', 'plashchi-2', '2018-08-27 07:47:15', '2018-08-27 07:47:15', NULL),
(252, 235, 'Комбинезоны', 'Первая категория', '', 'Первая категория', 'icon-womens-clothing', 'kombinezony-4', '2018-08-27 07:47:30', '2018-08-27 07:47:30', NULL),
(253, 235, 'Брюки', 'Первая категория', '', 'Первая категория', 'icon-womens-clothing', 'bryuki-11', '2018-08-27 07:47:47', '2018-08-27 07:47:47', NULL),
(254, 235, 'Шорты', 'Первая категория', '', 'Первая категория', 'icon-womens-clothing', 'shorty-9', '2018-08-27 07:47:59', '2018-08-27 07:47:59', NULL),
(255, 235, 'Джинсы', 'Первая категория', '', 'Первая категория', 'icon-womens-clothing', 'dzhinsy-5', '2018-08-27 07:48:13', '2018-08-27 07:48:13', NULL),
(256, 235, 'Плавки', 'Первая категория', '', 'Первая категория', 'icon-womens-clothing', 'plavki-1', '2018-08-27 07:48:28', '2018-08-27 07:48:28', NULL),
(257, 235, 'Белье', 'Первая категория', '', 'Первая категория', 'icon-womens-clothing', 'bele-5', '2018-08-27 07:48:41', '2018-08-27 07:48:41', NULL),
(258, 235, 'Пижамы', 'Первая категория', '', 'Первая категория', 'icon-womens-clothing', 'pizhamy-4', '2018-08-27 07:48:53', '2018-08-27 07:48:53', NULL),
(259, 235, 'Школьная форма', 'Первая категория', '', 'Первая категория', 'icon-womens-clothing', 'shkolnaya-forma', '2018-08-27 07:49:08', '2018-08-27 07:49:08', NULL),
(260, 235, 'Спортивные комплекты', 'Первая категория', '', 'Первая категория', 'icon-womens-clothing', 'sportivnye-komplekty-4', '2018-08-27 07:49:23', '2018-08-27 07:49:23', NULL),
(261, 3, 'Девочки (3-14 лет)', 'Первая категория', '', 'Первая категория', 'icon-womens-clothing', 'devochki-3-14-let', '2018-08-27 07:50:43', '2018-08-27 07:50:43', NULL),
(262, 261, 'Платья', 'Первая категория', '', 'Первая категория', 'icon-womens-clothing', 'platya-2', '2018-08-27 07:50:58', '2018-08-27 07:50:58', NULL),
(263, 261, 'Футболки и Майки', 'Первая категория', '', 'Первая категория', 'icon-womens-clothing', 'futbolki-i-mayki-3', '2018-08-27 07:51:10', '2018-08-27 07:51:10', NULL),
(264, 261, 'Кофточки и Блузки', 'Первая категория', '', 'Первая категория', 'icon-womens-clothing', 'koftochki-i-bluzki-1', '2018-08-27 07:51:27', '2018-08-27 07:51:27', NULL),
(265, 261, 'Пиджаки', 'Первая категория', '', 'Первая категория', 'icon-womens-clothing', 'pidzhaki-5', '2018-08-27 07:51:38', '2018-08-27 07:51:38', NULL),
(266, 261, 'Кардиганы и Свитеры', 'Первая категория', '', 'Первая категория', 'icon-womens-clothing', 'kardigany-i-svitery-1', '2018-08-27 07:51:49', '2018-08-27 07:51:49', NULL),
(267, 261, 'Безрукавки', 'Первая категория', '', 'Первая категория', 'icon-womens-clothing', 'bezrukavki-1', '2018-08-27 07:52:01', '2018-08-27 07:52:01', NULL),
(268, 261, 'Куртки', 'Первая категория', '', 'Первая категория', 'icon-womens-clothing', 'kurtki-5', '2018-08-27 07:52:12', '2018-08-27 07:52:12', NULL),
(269, 261, 'Пальто', 'Первая категория', '', 'Первая категория', 'icon-womens-clothing', 'palto-4', '2018-08-27 07:52:27', '2018-08-27 07:52:27', NULL),
(270, 261, 'Бомберы', 'Первая категория', '', 'Первая категория', 'icon-womens-clothing', 'bompery-3', '2018-08-27 07:52:37', '2018-08-29 07:02:42', ''),
(271, 261, 'Кожаные куртки', 'Первая категория', '', 'Первая категория', 'icon-womens-clothing', 'kozhanye-kurtki-3', '2018-08-27 07:52:49', '2018-08-27 07:52:49', NULL),
(272, 261, 'Джинсовые куртки', 'Первая категория', '', 'Первая категория', 'icon-womens-clothing', 'dzhinsovye-kurtki-3', '2018-08-27 07:53:01', '2018-08-27 07:53:01', NULL),
(273, 261, 'Парки', 'Первая категория', '', 'Первая категория', 'icon-womens-clothing', 'parki-3', '2018-08-27 07:53:15', '2018-08-27 07:53:15', NULL),
(274, 261, 'Плащи', 'Первая категория', '', 'Первая категория', 'icon-womens-clothing', 'plashchi-3', '2018-08-27 07:53:27', '2018-08-27 07:53:27', NULL),
(275, 261, 'Комбинезоны', 'Первая категория', '', 'Первая категория', 'icon-womens-clothing', 'kombinezony-5', '2018-08-27 07:53:39', '2018-08-27 07:53:39', NULL),
(276, 261, 'Юбки', 'Первая категория', '', 'Первая категория', 'icon-womens-clothing', 'bryuki-12', '2018-08-27 07:53:54', '2018-08-29 07:17:15', ''),
(277, 261, 'Брюки', 'Первая категория', '', 'Первая категория', 'icon-womens-clothing', 'shorty-10', '2018-08-27 07:54:35', '2018-08-29 07:17:39', ''),
(278, 261, 'Шорты', 'Первая категория', '', 'Первая категория', 'icon-womens-clothing', 'dzhinsy-6', '2018-08-27 07:54:47', '2018-08-29 07:18:00', ''),
(279, 261, 'Джинсы', 'Первая категория', '', 'Первая категория', 'icon-womens-clothing', 'kupalniki-2', '2018-08-27 07:54:59', '2018-08-29 07:18:27', ''),
(280, 261, 'Купальники', 'Первая категория', '', 'Первая категория', 'icon-womens-clothing', 'bele-6', '2018-08-27 07:55:10', '2018-08-29 07:18:51', ''),
(281, 261, 'Белье', 'Первая категория', '', 'Первая категория', 'icon-womens-clothing', 'pizhamy-5', '2018-08-27 07:55:21', '2018-08-29 07:19:23', ''),
(282, 261, 'Пижамы', 'Первая категория', '', 'Первая категория', 'icon-womens-clothing', 'shkolnaya-forma-1', '2018-08-27 07:55:32', '2018-08-29 07:19:47', ''),
(283, 261, 'Спортивные комплекты', 'Первая категория', '', 'Первая категория', 'icon-womens-clothing', 'sportivnye-komplekty-5', '2018-08-27 07:55:43', '2018-08-29 07:20:34', ''),
(284, 41, 'Туфли на высоком каблуке', 'Женская', '', '', 'icon-womens-clothing', 'tufli-na-vysokom-kabluke', '2018-08-27 07:56:56', '2018-08-27 07:56:56', NULL),
(285, 41, 'Туфли на среднем каблуке', 'Женская', '', '', 'icon-womens-clothing', 'tufli-na-srednem-kabluke', '2018-08-27 07:57:19', '2018-08-27 07:57:19', NULL),
(286, 41, 'Туфли на низком каблуке', 'Женская', '', '', 'icon-womens-clothing', 'tufli-na-nizkom-kabluke', '2018-08-27 07:57:36', '2018-08-27 07:57:36', NULL),
(287, 41, 'Лоферы', 'Женская', '', '', 'icon-womens-clothing', 'lofery', '2018-08-27 07:57:50', '2018-08-27 07:57:50', NULL),
(288, 41, 'Мокасины', 'Женская', '', '', 'icon-womens-clothing', 'mokasiny', '2018-08-27 07:58:02', '2018-08-27 07:58:02', NULL),
(289, 41, 'Кроссовки', 'Женская', '', '', 'icon-womens-clothing', 'krossovki', '2018-08-27 07:58:16', '2018-08-27 07:58:16', NULL),
(290, 41, 'Кеды', 'Женская', '', '', 'icon-womens-clothing', 'kedy', '2018-08-27 07:58:27', '2018-08-27 07:58:27', NULL),
(291, 41, 'Слипоны', 'Женская', '', '', 'icon-womens-clothing', 'slipony', '2018-08-27 07:58:39', '2018-08-27 07:58:39', NULL),
(292, 41, 'Балетки', 'Женская', '', '', 'icon-womens-clothing', 'baletki', '2018-08-27 07:59:07', '2018-08-27 07:59:07', NULL),
(293, 41, 'Босоножки', 'Женская', '', '', 'icon-womens-clothing', 'bosonozhki', '2018-08-27 07:59:25', '2018-08-27 07:59:25', NULL),
(294, 41, 'Эспадрильи', 'Женская', '', '', 'icon-womens-clothing', 'espadrili', '2018-08-27 07:59:45', '2018-08-27 07:59:45', NULL),
(295, 41, 'Сабо', 'Женская', '', '', 'icon-womens-clothing', 'sabo', '2018-08-27 07:59:58', '2018-08-27 07:59:58', NULL),
(296, 41, 'Сандалии', 'Женская', '', '', 'icon-womens-clothing', 'sandalii', '2018-08-27 08:00:11', '2018-08-27 08:00:19', ''),
(297, 41, 'Ботильоны', 'Женская', '', '', 'icon-womens-clothing', 'botilony', '2018-08-27 08:01:08', '2018-08-27 08:01:08', NULL),
(298, 41, 'Ботинки', 'Женская', '', '', 'icon-womens-clothing', 'botinki', '2018-08-27 08:01:21', '2018-08-27 08:01:21', NULL),
(299, 41, 'Полуботинки', 'Женская', '', '', 'icon-womens-clothing', 'polubotinki', '2018-08-27 08:01:52', '2018-08-27 08:01:52', NULL),
(300, 41, 'Сапоги', 'Женская', '', '', 'icon-womens-clothing', 'sapogi', '2018-08-27 08:02:11', '2018-08-27 08:02:11', NULL),
(301, 41, 'Полусапоги', 'Женская', '', '', 'icon-womens-clothing', 'polusapogi', '2018-08-27 08:02:35', '2018-08-27 08:02:35', NULL),
(302, 41, 'Ботфорты', 'Женская', '', '', 'icon-womens-clothing', 'botforty', '2018-08-27 08:03:00', '2018-08-27 08:03:00', NULL),
(303, 41, 'Резиновая обувь', 'Женская', '', '', 'icon-womens-clothing', 'rezinovaya-obuv', '2018-08-27 08:03:22', '2018-08-27 08:03:22', NULL),
(304, 41, 'Шлепанцы и тапочки', 'Женская', '', '', 'icon-womens-clothing', 'shlepantsy-i-tapochki', '2018-08-27 08:03:46', '2018-08-27 08:03:46', NULL),
(305, 42, 'Туфли', 'Мужская', '', '', 'icon-womens-clothing', 'tufli', '2018-08-27 08:05:18', '2018-08-27 08:05:18', NULL),
(306, 42, 'Оксфорды', 'Мужская', '', '', 'icon-womens-clothing', 'oksfordy', '2018-08-27 08:05:31', '2018-08-27 08:05:31', NULL),
(307, 42, 'Дерби', 'Мужская', '', '', 'icon-womens-clothing', 'derbi', '2018-08-27 08:05:44', '2018-08-27 08:05:44', NULL),
(308, 42, 'Лоферы', 'Мужская', '', '', 'icon-womens-clothing', 'lofery-1', '2018-08-27 08:05:55', '2018-08-27 08:05:55', NULL),
(309, 42, 'Слиперы', 'Мужская', '', '', 'icon-womens-clothing', 'slipery', '2018-08-27 08:06:31', '2018-08-27 08:06:38', ''),
(310, 42, 'Броги', 'Мужская', '', '', 'icon-womens-clothing', 'brogi', '2018-08-27 08:06:58', '2018-08-27 08:06:58', NULL),
(311, 42, 'Челси', 'Мужская', '', '', 'icon-womens-clothing', 'chelsi', '2018-08-27 08:07:08', '2018-08-27 08:07:08', NULL),
(312, 42, 'Мокасины', 'Мужская', '', '', 'icon-womens-clothing', 'mokasiny-1', '2018-08-27 08:07:24', '2018-08-27 08:07:24', NULL),
(313, 42, 'Кроссовки', 'Мужская', '', '', 'icon-womens-clothing', 'krossovki-1', '2018-08-27 08:07:38', '2018-08-27 08:07:38', NULL),
(314, 42, 'Кеды', 'Мужская', '', '', 'icon-womens-clothing', 'kedy-1', '2018-08-27 08:07:59', '2018-08-27 08:07:59', NULL),
(315, 42, 'Ботинки', 'Мужская', '', '', 'icon-womens-clothing', 'botinki-1', '2018-08-27 08:08:20', '2018-08-27 08:08:20', NULL),
(316, 42, 'Полуботинки', 'Мужская', '', '', 'icon-womens-clothing', 'polubotinki-1', '2018-08-27 08:08:40', '2018-08-27 08:08:40', NULL),
(317, 42, 'Сапоги', 'Мужская', '', '', 'icon-womens-clothing', 'sapogi-1', '2018-08-27 08:08:52', '2018-08-27 08:08:52', NULL),
(318, 42, 'Слипоны', 'Мужская', '', '', 'icon-womens-clothing', 'slipony-1', '2018-08-27 08:09:07', '2018-08-27 08:09:07', NULL),
(319, 42, 'Сандалии', 'Мужская', '', '', 'icon-womens-clothing', 'sandalii-1', '2018-08-27 08:09:18', '2018-08-27 08:09:18', NULL),
(320, 42, 'Эспадрильи', 'Мужская', '', '', 'icon-womens-clothing', 'espadrili-1', '2018-08-27 08:09:33', '2018-08-27 08:09:33', NULL),
(321, 42, 'Шлепанцы и тапочки', 'Мужская', '', '', 'icon-womens-clothing', 'shlepantsy-i-tapochki-1', '2018-08-27 08:09:47', '2018-08-27 08:09:47', NULL),
(322, 43, 'Туфли девочкам', 'Детская', '', '', 'icon-womens-clothing', 'tufli-devochkam', '2018-08-27 08:10:20', '2018-08-27 08:10:20', NULL),
(323, 43, 'Туфли мальчикам', 'Детская', '', '', 'icon-womens-clothing', 'tufli-malchikam', '2018-08-27 08:10:33', '2018-08-27 08:10:33', NULL),
(324, 43, 'Кроссовки девочкам', 'Детская', '', '', 'icon-womens-clothing', 'krossovki-devochkam', '2018-08-27 08:10:48', '2018-08-27 08:10:48', NULL),
(325, 43, 'Кроссовки мальчикам', 'Детская', '', '', 'icon-womens-clothing', 'krossovki-malchikam', '2018-08-27 08:11:04', '2018-08-27 08:11:14', ''),
(326, 43, 'Ботинки девочкам', 'Детская', '', '', 'icon-womens-clothing', 'botinki-devochkam', '2018-08-27 08:11:46', '2018-08-27 08:11:46', NULL),
(327, 43, 'Ботинки мальчикам', 'Детская', '', '', 'icon-womens-clothing', 'botinki-malchikam', '2018-08-27 08:12:05', '2018-08-27 08:12:05', NULL),
(328, 43, 'Кеды девочкам', 'Детская', '', '', 'icon-womens-clothing', 'kedy-devochkam', '2018-08-27 08:12:30', '2018-08-27 08:12:30', NULL),
(329, 43, 'Кеды мальчикам', 'Детская', '', '', 'icon-womens-clothing', 'kedy-malchikam', '2018-08-27 08:12:46', '2018-08-27 08:12:46', NULL),
(330, 43, 'Мокасины девочкам', 'Детская', '', '', 'icon-womens-clothing', 'mokasiny-devochkam', '2018-08-27 08:13:11', '2018-08-27 08:13:11', NULL),
(331, 43, 'Мокасины маьчикам', 'Детская', '', '', 'icon-womens-clothing', 'mokasiny-machikam', '2018-08-27 08:13:28', '2018-08-27 08:13:28', NULL),
(332, 43, 'Полуботинки девочкам', 'Детская', '', '', 'icon-womens-clothing', 'polubotinki-devochkam', '2018-08-27 08:13:47', '2018-08-27 08:13:47', NULL),
(333, 43, 'Полуботинки мальчикам', 'Детская', '', '', 'icon-womens-clothing', 'polubotinki-malchikam', '2018-08-27 08:14:06', '2018-08-27 08:14:06', NULL),
(334, 43, 'Полусапожки девочкам', 'Детская', '', '', 'icon-womens-clothing', 'polusapozhki-devochkam', '2018-08-27 08:14:26', '2018-08-27 08:14:26', NULL),
(335, 43, 'Полусапожки мальчикам', 'Детская', '', '', 'icon-womens-clothing', 'polusapozhki-malchikam', '2018-08-27 08:14:43', '2018-08-27 08:14:43', NULL),
(336, 43, 'Сапожки девочкам', 'Детская', '', '', 'icon-womens-clothing', 'sapozhki-devochkam', '2018-08-27 08:15:11', '2018-08-27 08:15:11', NULL),
(337, 43, 'Сапожки мальчикам', 'Детская', '', '', 'icon-womens-clothing', 'sapozhki-malchikam', '2018-08-27 08:15:25', '2018-08-27 08:15:25', NULL),
(338, 43, 'Сандалии девочкам', 'Детская', '', '', 'icon-womens-clothing', 'sandalii-devochkam', '2018-08-27 08:15:45', '2018-08-27 08:15:45', NULL),
(339, 43, 'Сандалии мальчикам', 'Детская', '', '', 'icon-womens-clothing', 'sandalii-malchikam', '2018-08-27 08:16:03', '2018-08-27 08:16:03', NULL),
(340, 43, 'Слипоны девочкам', 'Детская', '', '', 'icon-womens-clothing', 'slipony-devochkam', '2018-08-27 08:16:19', '2018-08-27 08:16:19', NULL),
(341, 43, 'Слипоны мальчикам', 'Детская', '', '', 'icon-womens-clothing', 'slipony-malchikam', '2018-08-27 08:16:34', '2018-08-27 08:16:34', NULL),
(342, 43, 'Балетки', 'Детская', '', '', 'icon-womens-clothing', 'baletki-1', '2018-08-27 08:17:11', '2018-08-27 08:17:11', NULL),
(343, 43, 'Босоножки', 'Детская', '', '', 'icon-womens-clothing', 'bosonozhki-1', '2018-08-27 08:17:22', '2018-08-27 08:17:22', NULL),
(344, 43, 'Шлепанцы и тапочки', 'Детская', '', '', 'icon-womens-clothing', 'shlepantsy-i-tapochki-2', '2018-08-27 08:17:32', '2018-08-27 08:17:32', NULL),
(345, 43, 'Обувь новорожденным', 'Детская', '', '', 'icon-womens-clothing', 'obuv-novorozhdennym', '2018-08-27 08:17:50', '2018-08-27 08:17:50', NULL),
(346, 43, 'Ортопедическая обувь ', 'Детская', '', '', 'icon-womens-clothing', 'ortopedicheskaya-obuv', '2018-08-27 08:18:16', '2018-08-27 08:18:16', NULL),
(347, 44, 'Сумки', 'Женские аксессуары', '', '', 'icon-womens-clothing', 'suki', '2018-08-27 08:21:44', '2018-08-27 08:22:01', ''),
(348, 44, 'Рюкзаки', 'Женские аксессуары', '', '', 'icon-womens-clothing', 'ryukzaki', '2018-08-27 08:22:26', '2018-08-27 08:22:26', NULL),
(349, 44, 'Чемоданы', 'Женские аксессуары', '', '', 'icon-womens-clothing', 'chemodany', '2018-08-27 08:22:39', '2018-08-27 08:22:39', NULL),
(350, 44, 'Клатчи', 'Женские аксессуары', '', '', 'icon-womens-clothing', 'klatchi', '2018-08-27 08:22:51', '2018-08-27 08:22:51', NULL),
(351, 44, 'Кошельки', 'Женские аксессуары', '', '', 'icon-womens-clothing', 'koshelki', '2018-08-27 08:23:02', '2018-08-27 08:23:02', NULL),
(352, 44, 'Шапки', 'Женские аксессуары', '', '', 'icon-womens-clothing', 'shapki', '2018-08-27 08:23:13', '2018-08-27 08:23:13', NULL),
(353, 44, 'Шляпы', 'Женские аксессуары', '', '', 'icon-womens-clothing', 'shlyapy', '2018-08-27 08:23:25', '2018-08-27 08:23:25', NULL),
(354, 44, 'Кепки', 'Женские аксессуары', '', '', 'icon-womens-clothing', 'kepki', '2018-08-27 08:23:36', '2018-08-27 08:23:36', NULL),
(355, 44, 'Тюрбаны', 'Женские аксессуары', '', '', 'icon-womens-clothing', 'tyurbany', '2018-08-27 08:23:52', '2018-08-27 08:23:52', NULL),
(356, 44, 'Ободки', 'Женские аксессуары', '', '', 'icon-womens-clothing', 'obodki', '2018-08-27 08:24:25', '2018-08-27 08:24:25', NULL),
(357, 44, 'Головные повязки ', 'Женские аксессуары', '', '', 'icon-womens-clothing', 'golovnye-povyazki', '2018-08-27 08:24:46', '2018-08-27 08:24:46', NULL),
(358, 44, 'Резинки и заколки', 'Женские аксессуары', '', '', 'icon-womens-clothing', 'rezinki-i-zakolki', '2018-08-27 08:25:07', '2018-08-27 08:25:34', ''),
(359, 44, 'Шарфы', 'Женские аксессуары', '', '', 'icon-womens-clothing', 'sharfy', '2018-08-27 08:25:25', '2018-08-27 08:25:25', NULL),
(360, 44, 'Платки', 'Женские аксессуары', '', '', 'icon-womens-clothing', 'platki', '2018-08-27 08:25:57', '2018-08-27 08:25:57', NULL),
(361, 44, 'Парео', 'Женские аксессуары', '', '', 'icon-womens-clothing', 'pareo', '2018-08-27 08:26:07', '2018-08-27 08:26:07', NULL),
(362, 44, 'Очки', 'Женские аксессуары', '', '', 'icon-womens-clothing', 'ochki', '2018-08-27 08:26:22', '2018-08-27 08:26:22', NULL),
(363, 44, 'Часы', 'Женские аксессуары', '', '', 'icon-womens-clothing', 'chasy', '2018-08-27 08:26:36', '2018-08-27 08:26:36', NULL),
(364, 44, 'Серьги', 'Женские аксессуары', '', '', 'icon-womens-clothing', 'sergi', '2018-08-27 08:26:50', '2018-08-27 08:26:50', NULL),
(365, 44, 'Браслеты ', 'Женские аксессуары', '', '', 'icon-womens-clothing', 'braslety', '2018-08-27 08:27:04', '2018-08-27 08:27:04', NULL),
(366, 44, 'Цепочки', 'Женские аксессуары', '', '', 'icon-womens-clothing', 'tsepochki', '2018-08-27 08:27:22', '2018-08-27 08:27:22', NULL),
(367, 44, 'Колье', 'Женские аксессуары', '', '', 'icon-womens-clothing', 'kole', '2018-08-27 08:27:39', '2018-08-27 08:27:39', NULL),
(368, 44, 'Кольца', 'Женские аксессуары', '', '', 'icon-womens-clothing', 'koltsa', '2018-08-27 08:27:54', '2018-08-27 08:27:54', NULL),
(369, 44, 'Брошки', 'Женские аксессуары', '', '', 'icon-womens-clothing', 'broshki', '2018-08-27 08:28:28', '2018-08-27 08:28:28', NULL),
(370, 44, 'Перчатки', 'Женские аксессуары', '', '', 'icon-womens-clothing', 'perchatki', '2018-08-27 08:28:52', '2018-08-27 08:28:52', NULL),
(371, 44, 'Носки', 'Женские аксессуары', '', '', 'icon-womens-clothing', 'noski-1', '2018-08-27 08:29:12', '2018-08-27 08:29:12', NULL),
(372, 44, 'Колготки', 'Женские аксессуары', '', '', 'icon-womens-clothing', 'kolgotki', '2018-08-27 08:29:28', '2018-08-27 08:29:28', NULL),
(373, 44, 'Другое', 'Женские аксессуары', '', '', 'icon-womens-clothing', 'drugoe', '2018-08-27 08:29:46', '2018-08-27 08:29:46', NULL);
INSERT INTO `categories` (`id`, `parent_id`, `title_ru`, `title_uz`, `description_ru`, `description_uz`, `icon`, `alias`, `created_at`, `updated_at`, `main_image`) VALUES
(374, 55, 'Сумки', 'Мужские аксессуары', '', '', 'icon-womens-clothing', 'sumki', '2018-08-27 08:30:27', '2018-08-27 08:30:27', NULL),
(375, 55, 'Чемоданы', 'Мужские аксессуары', '', '', 'icon-womens-clothing', 'chemodany-1', '2018-08-27 08:30:41', '2018-08-27 08:30:41', NULL),
(376, 55, 'Рюкзаки', 'Мужские аксессуары', '', '', 'icon-womens-clothing', 'ryukzaki-1', '2018-08-27 08:30:58', '2018-08-27 08:30:58', NULL),
(377, 55, 'Барсетки', 'Мужские аксессуары', '', '', 'icon-womens-clothing', 'barsetki', '2018-08-27 08:31:14', '2018-08-27 08:31:14', NULL),
(378, 55, 'Кошельки', 'Мужские аксессуары', '', '', 'icon-womens-clothing', 'koshelki-1', '2018-08-27 08:31:35', '2018-08-27 08:31:35', NULL),
(379, 55, 'Шапки', 'Мужские аксессуары', '', '', 'icon-womens-clothing', 'shapki-1', '2018-08-27 08:31:48', '2018-08-27 08:31:48', NULL),
(380, 55, 'Шляпы', 'Мужские аксессуары', '', '', 'icon-womens-clothing', 'shlyapy-1', '2018-08-27 08:32:10', '2018-08-27 08:32:10', NULL),
(381, 55, 'Кепки', 'Мужские аксессуары', '', '', 'icon-womens-clothing', 'kepki-1', '2018-08-27 08:32:23', '2018-08-27 08:32:23', NULL),
(382, 55, 'Шарфы', 'Мужские аксессуары', '', '', 'icon-womens-clothing', 'sharfy-1', '2018-08-27 08:32:36', '2018-08-27 08:32:36', NULL),
(383, 55, 'Часы', 'Мужские аксессуары', '', '', 'icon-womens-clothing', 'chasy-1', '2018-08-27 08:32:50', '2018-08-27 08:32:50', NULL),
(384, 55, 'Галстуки', 'Мужские аксессуары', '', '', 'icon-womens-clothing', 'galstuki', '2018-08-27 08:33:26', '2018-08-27 08:33:26', NULL),
(385, 55, 'Бабочки', 'Мужские аксессуары', '', '', 'icon-womens-clothing', 'babochki', '2018-08-27 08:33:39', '2018-08-27 08:33:39', NULL),
(386, 55, 'Подтяжки', 'Мужские аксессуары', '', '', 'icon-womens-clothing', 'podtyazhki', '2018-08-27 08:33:59', '2018-08-27 08:33:59', NULL),
(387, 55, 'Запонки и заколки', 'Мужские аксессуары', '', '', 'icon-womens-clothing', 'zaponki-i-zakolki', '2018-08-27 08:34:14', '2018-08-27 08:34:14', NULL),
(388, 55, 'Ремни', 'Мужские аксессуары', '', '', 'icon-womens-clothing', 'remni', '2018-08-27 08:34:26', '2018-08-27 08:34:26', NULL),
(389, 55, 'Перчатки', 'Мужские аксессуары', '', '', 'icon-womens-clothing', 'perchatki-1', '2018-08-27 08:34:41', '2018-08-27 08:34:41', NULL),
(390, 55, 'Носки', 'Мужские аксессуары', '', '', 'icon-womens-clothing', 'noski-2', '2018-08-27 08:34:54', '2018-08-27 08:34:54', NULL),
(391, 59, 'Сумки', 'Детские аксессуары', '', '', 'icon-womens-clothing', 'sumki-1', '2018-08-27 08:35:25', '2018-08-27 08:35:25', NULL),
(392, 59, 'Чемоданы', 'Детские аксессуары', '', '', 'icon-womens-clothing', 'chemodany-2', '2018-08-27 08:35:36', '2018-08-27 08:35:36', NULL),
(393, 59, 'Рюкзаки', 'Детские аксессуары', '', '', 'icon-womens-clothing', 'ryukzaki-2', '2018-08-27 08:35:46', '2018-08-27 08:35:46', NULL),
(394, 59, 'Кошельки', 'Детские аксессуары', '', '', 'icon-womens-clothing', 'koshelki-2', '2018-08-27 08:36:00', '2018-08-27 08:36:00', NULL),
(395, 59, 'Шапки', 'Детские аксессуары', '', '', 'icon-womens-clothing', 'shapki-2', '2018-08-27 08:36:26', '2018-08-27 08:36:26', NULL),
(396, 59, 'Шляпы', 'Детские аксессуары', '', '', 'icon-womens-clothing', 'shlyapy-2', '2018-08-27 08:36:39', '2018-08-27 08:36:39', NULL),
(397, 59, 'Кепки', 'Детские аксессуары', '', '', 'icon-womens-clothing', 'kepki-2', '2018-08-27 08:36:51', '2018-08-27 08:36:51', NULL),
(398, 59, 'Перчатки', 'Детские аксессуары', '', '', 'icon-womens-clothing', 'perchatki-2', '2018-08-27 08:37:05', '2018-08-27 08:37:05', NULL),
(399, 59, 'Шарфы', 'Детские аксессуары', '', '', 'icon-womens-clothing', 'sharfy-2', '2018-08-27 08:37:19', '2018-08-27 08:37:19', NULL),
(400, 59, 'Часы', 'Детские аксессуары', '', '', 'icon-womens-clothing', 'chasy-2', '2018-08-27 08:37:30', '2018-08-27 08:37:30', NULL),
(401, 59, 'Серьги', 'Детские аксессуары', '', '', 'icon-womens-clothing', 'sergi-1', '2018-08-27 08:37:42', '2018-08-27 08:37:42', NULL),
(402, 59, 'Цепочки', 'Детские аксессуары', '', '', 'icon-womens-clothing', 'tsepochki-1', '2018-08-27 08:38:00', '2018-08-27 08:38:00', NULL),
(403, 59, 'Браслеты', 'Детские аксессуары', '', '', 'icon-womens-clothing', 'braslety-1', '2018-08-27 08:38:15', '2018-08-27 08:38:15', NULL),
(404, 59, 'Кольца', 'Детские аксессуары', '', '', 'icon-womens-clothing', 'koltsa-1', '2018-08-27 08:38:27', '2018-08-27 08:38:27', NULL),
(405, 59, 'Заколки и резинки для волос', 'Детские аксессуары', '', '', 'icon-womens-clothing', 'zakolki-i-rezinki-dlya-volos', '2018-08-27 08:38:52', '2018-08-27 08:38:52', NULL),
(406, 59, 'Ободки', 'Детские аксессуары', '', '', 'icon-womens-clothing', 'obodki-1', '2018-08-27 08:39:04', '2018-08-27 08:39:04', NULL),
(407, 59, 'Головные повязки', 'Детские аксессуары', '', '', 'icon-womens-clothing', 'golovnye-povyazki-1', '2018-08-27 08:39:24', '2018-08-27 08:39:24', NULL),
(408, 59, 'Галстуки и бабочки', 'Детские аксессуары', '', '', 'icon-womens-clothing', 'galstuki-i-babochki', '2018-08-27 08:39:43', '2018-08-27 08:39:43', NULL),
(409, 59, 'Запонки и заколки', 'Детские аксессуары', '', '', 'icon-womens-clothing', 'zaponki-i-zakolki-1', '2018-08-27 08:40:08', '2018-08-27 08:40:08', NULL),
(410, 59, 'Подтяжки', 'Детские аксессуары', '', '', 'icon-womens-clothing', 'podtyazhki-1', '2018-08-27 08:40:31', '2018-08-27 08:40:31', NULL),
(411, 59, 'Ремни', 'Детские аксессуары', '', '', 'icon-womens-clothing', 'remni-1', '2018-08-27 08:40:46', '2018-08-27 08:40:46', NULL);

-- --------------------------------------------------------

--
-- Структура таблицы `category_feature`
--

CREATE TABLE `category_feature` (
  `category_id` int(10) UNSIGNED NOT NULL,
  `feature_id` int(10) UNSIGNED NOT NULL
) ENGINE=InnoDB DEFAULT CHARSET=utf8 COLLATE=utf8_unicode_ci;

-- --------------------------------------------------------

--
-- Структура таблицы `click_uz`
--

CREATE TABLE `click_uz` (
  `id` bigint(20) UNSIGNED NOT NULL,
  `click_trans_id` int(11) NOT NULL,
  `account` varchar(255) COLLATE utf8_unicode_ci NOT NULL,
  `amount` int(11) NOT NULL,
  `date` int(11) NOT NULL,
  `status` varchar(255) COLLATE utf8_unicode_ci NOT NULL,
  `error` varchar(255) COLLATE utf8_unicode_ci NOT NULL,
  `created_at` varchar(255) COLLATE utf8_unicode_ci NOT NULL,
  `updated_at` varchar(255) COLLATE utf8_unicode_ci NOT NULL
) ENGINE=InnoDB DEFAULT CHARSET=utf8 COLLATE=utf8_unicode_ci;

-- --------------------------------------------------------

--
-- Структура таблицы `comments`
--

CREATE TABLE `comments` (
  `id` int(10) UNSIGNED NOT NULL,
  `product_id` int(11) NOT NULL,
  `user_id` int(11) NOT NULL,
  `text` text COLLATE utf8_unicode_ci NOT NULL,
  `created_at` timestamp NULL DEFAULT NULL,
  `updated_at` timestamp NULL DEFAULT NULL
) ENGINE=InnoDB DEFAULT CHARSET=utf8 COLLATE=utf8_unicode_ci;

--
-- Дамп данных таблицы `comments`
--

INSERT INTO `comments` (`id`, `product_id`, `user_id`, `text`, `created_at`, `updated_at`) VALUES
(3, 39, 35, 'Такой классный цвет! Вск прекрасно подошло. Прибыло на 2й день после доставки.', '2018-08-27 15:50:28', '2018-08-27 15:50:28'),
(4, 39, 40, 'Thank you', '2018-09-20 16:29:03', '2018-09-20 16:29:03');

-- --------------------------------------------------------

--
-- Структура таблицы `favourite_products`
--

CREATE TABLE `favourite_products` (
  `id` int(10) UNSIGNED NOT NULL,
  `product_id` int(11) NOT NULL,
  `user_id` int(11) NOT NULL,
  `created_at` timestamp NULL DEFAULT NULL,
  `updated_at` timestamp NULL DEFAULT NULL
) ENGINE=InnoDB DEFAULT CHARSET=utf8 COLLATE=utf8_unicode_ci;

--
-- Дамп данных таблицы `favourite_products`
--

INSERT INTO `favourite_products` (`id`, `product_id`, `user_id`, `created_at`, `updated_at`) VALUES
(1, 7, 5, '2018-08-20 07:27:40', '2018-08-20 07:27:40'),
(3, 6, 32, '2018-08-23 08:11:20', '2018-08-23 08:11:20'),
(4, 8, 33, '2018-08-23 09:29:11', '2018-08-23 09:29:11'),
(5, 17, 5, '2018-08-24 05:08:48', '2018-08-24 05:08:48'),
(6, 17, 27, '2018-08-24 08:27:50', '2018-08-24 08:27:50'),
(7, 18, 27, '2018-08-24 08:29:30', '2018-08-24 08:29:30'),
(10, 50, 39, '2018-09-20 15:39:36', '2018-09-20 15:39:36'),
(11, 53, 39, '2018-09-20 15:39:50', '2018-09-20 15:39:50'),
(12, 31, 39, '2018-09-20 16:06:13', '2018-09-20 16:06:13');

-- --------------------------------------------------------

--
-- Структура таблицы `features`
--

CREATE TABLE `features` (
  `id` int(10) UNSIGNED NOT NULL,
  `title_ru` varchar(255) COLLATE utf8_unicode_ci NOT NULL,
  `title_uz` varchar(255) COLLATE utf8_unicode_ci NOT NULL,
  `in_filter` tinyint(1) NOT NULL DEFAULT '0'
) ENGINE=InnoDB DEFAULT CHARSET=utf8 COLLATE=utf8_unicode_ci;

-- --------------------------------------------------------

--
-- Структура таблицы `feedback`
--

CREATE TABLE `feedback` (
  `id` int(10) UNSIGNED NOT NULL,
  `feedback_type` int(11) NOT NULL,
  `text` text COLLATE utf8_unicode_ci NOT NULL,
  `email` varchar(255) COLLATE utf8_unicode_ci NOT NULL,
  `phone` varchar(255) COLLATE utf8_unicode_ci NOT NULL,
  `created_at` timestamp NULL DEFAULT NULL,
  `updated_at` timestamp NULL DEFAULT NULL
) ENGINE=InnoDB DEFAULT CHARSET=utf8 COLLATE=utf8_unicode_ci;

-- --------------------------------------------------------

--
-- Структура таблицы `feedback_type`
--

CREATE TABLE `feedback_type` (
  `id` int(10) UNSIGNED NOT NULL,
  `title_ru` varchar(255) COLLATE utf8_unicode_ci NOT NULL,
  `title_uz` varchar(255) COLLATE utf8_unicode_ci NOT NULL
) ENGINE=InnoDB DEFAULT CHARSET=utf8 COLLATE=utf8_unicode_ci;

--
-- Дамп данных таблицы `feedback_type`
--

INSERT INTO `feedback_type` (`id`, `title_ru`, `title_uz`) VALUES
(1, 'Вопросы модерации объявлений', 'Вопросы модерации объявлений'),
(2, 'Платные услуги', 'Платные услуги'),
(3, 'Вопросы по использованию сайта', 'Вопросы по использованию сайта'),
(4, 'Мошенничество, ложные объявления', 'Мошенничество, ложные объявления'),
(5, 'Заблокирована учетная запись', 'Заблокирована учетная запись'),
(6, 'Предложения, партнерство', 'Предложения, партнерство'),
(7, 'Другое', 'Другое');

-- --------------------------------------------------------

--
-- Структура таблицы `icons`
--

CREATE TABLE `icons` (
  `id` bigint(20) UNSIGNED NOT NULL,
  `icon` varchar(255) COLLATE utf8_unicode_ci NOT NULL
) ENGINE=InnoDB DEFAULT CHARSET=utf8 COLLATE=utf8_unicode_ci;

--
-- Дамп данных таблицы `icons`
--

INSERT INTO `icons` (`id`, `icon`) VALUES
(2, '<i class=\"icon-womens-clothing\"></i>'),
(3, '<i class=\"icon-mens-clothing\"></i>'),
(4, '<i class=\"icon-kids-clothing\"></i>'),
(5, '<i class=\"icon-shoes-icon\"></i>'),
(6, '<i class=\"icon-watches-jewelery\"></i>');

-- --------------------------------------------------------

--
-- Структура таблицы `key_words`
--

CREATE TABLE `key_words` (
  `id` bigint(20) UNSIGNED NOT NULL,
  `key` varchar(255) COLLATE utf8_unicode_ci NOT NULL,
  `word` varchar(255) COLLATE utf8_unicode_ci NOT NULL,
  `class` varchar(255) COLLATE utf8_unicode_ci NOT NULL,
  `status` int(11) NOT NULL
) ENGINE=InnoDB DEFAULT CHARSET=utf8 COLLATE=utf8_unicode_ci;

--
-- Дамп данных таблицы `key_words`
--

INSERT INTO `key_words` (`id`, `key`, `word`, `class`, `status`) VALUES
(1, 'ORDER', 'Остановлен', 'primary', -1),
(2, 'ORDER', 'Ошибка', 'primary', 0),
(3, 'ORDER', 'Без действие', 'primary', 1),
(4, 'ORDER', 'Подготовка товара', 'primary', 2),
(5, 'ORDER', 'Доставлен', 'primary', 3),
(6, 'ORDER_PRODUCT', 'Остановлен', 'primary', 0),
(7, 'ORDER_PRODUCT', 'Без действие', 'primary', 1),
(8, 'ORDER_PRODUCT', 'В ожидание', 'primary', 2),
(9, 'ORDER_PRODUCT', 'Готово', 'primary', 3),
(10, 'ACTION_STOPPED', 'Остановлен', 'primary', 0),
(11, 'ACTION_INACTION', 'Получена заявка', 'primary', 1),
(12, 'ACTION_WAIT', 'Готово', 'primary', 1),
(13, 'ACTION_READY', 'Готово', 'success', 1);

-- --------------------------------------------------------

--
-- Структура таблицы `likes`
--

CREATE TABLE `likes` (
  `id` int(10) UNSIGNED NOT NULL,
  `user_id` int(11) NOT NULL,
  `product_id` int(11) NOT NULL,
  `status` enum('0','1') COLLATE utf8_unicode_ci NOT NULL,
  `created_at` timestamp NULL DEFAULT NULL,
  `updated_at` timestamp NULL DEFAULT NULL
) ENGINE=InnoDB DEFAULT CHARSET=utf8 COLLATE=utf8_unicode_ci;

--
-- Дамп данных таблицы `likes`
--

INSERT INTO `likes` (`id`, `user_id`, `product_id`, `status`, `created_at`, `updated_at`) VALUES
(3, 5, 8, '0', '2018-08-10 11:07:54', '2018-08-10 11:07:54'),
(8, 27, 7, '0', '2018-08-14 05:43:56', '2018-08-14 05:43:56'),
(11, 5, 12, '0', '2018-08-20 09:32:43', '2018-08-20 09:32:43'),
(12, 32, 8, '0', '2018-08-23 07:52:21', '2018-08-23 07:52:21'),
(13, 32, 6, '0', '2018-08-23 08:11:25', '2018-08-23 08:11:25'),
(14, 33, 8, '0', '2018-08-23 09:28:56', '2018-08-23 09:28:56'),
(15, 27, 17, '0', '2018-08-24 08:30:14', '2018-08-24 08:30:14'),
(16, 35, 39, '0', '2018-08-27 15:49:31', '2018-08-27 15:49:31'),
(17, 35, 50, '0', '2018-08-27 15:57:36', '2018-08-27 15:57:36'),
(18, 35, 47, '0', '2018-08-27 15:58:06', '2018-08-27 15:58:06'),
(19, 34, 53, '0', '2018-08-29 03:03:53', '2018-08-29 03:03:53');

-- --------------------------------------------------------

--
-- Структура таблицы `mall_categories`
--

CREATE TABLE `mall_categories` (
  `id` int(10) UNSIGNED NOT NULL,
  `parent_id` int(10) UNSIGNED NOT NULL,
  `title_ru` varchar(255) COLLATE utf8_unicode_ci NOT NULL,
  `title_uz` varchar(255) COLLATE utf8_unicode_ci NOT NULL,
  `description_ru` text COLLATE utf8_unicode_ci NOT NULL,
  `description_uz` text COLLATE utf8_unicode_ci NOT NULL,
  `address_ru` text COLLATE utf8_unicode_ci,
  `address_uz` text COLLATE utf8_unicode_ci,
  `phone` varchar(255) COLLATE utf8_unicode_ci DEFAULT NULL,
  `lat` decimal(18,14) NOT NULL DEFAULT '0.00000000000000',
  `lng` decimal(18,14) NOT NULL DEFAULT '0.00000000000000',
  `created_at` timestamp NULL DEFAULT NULL,
  `updated_at` timestamp NULL DEFAULT NULL,
  `alias` varchar(255) COLLATE utf8_unicode_ci DEFAULT NULL,
  `main_image` varchar(255) COLLATE utf8_unicode_ci DEFAULT NULL
) ENGINE=InnoDB DEFAULT CHARSET=utf8 COLLATE=utf8_unicode_ci;

--
-- Дамп данных таблицы `mall_categories`
--

INSERT INTO `mall_categories` (`id`, `parent_id`, `title_ru`, `title_uz`, `description_ru`, `description_uz`, `address_ru`, `address_uz`, `phone`, `lat`, `lng`, `created_at`, `updated_at`, `alias`, `main_image`) VALUES
(1, 0, 'Базары', 'Bozor', 'Базары', '', NULL, NULL, NULL, '0.00000000000000', '0.00000000000000', NULL, NULL, NULL, NULL),
(2, 0, 'Торговые центры', 'Торговые центры', 'Торговые центры', '', NULL, NULL, NULL, '0.00000000000000', '0.00000000000000', NULL, NULL, NULL, NULL),
(3, 0, 'Брендовые магазины', 'Брендовые магазины', 'Брендовые магазины', '', NULL, NULL, NULL, '0.00000000000000', '0.00000000000000', NULL, NULL, NULL, NULL),
(4, 0, 'Частные торговцы', 'ЧАСТНЫЕ ТОРГОВЦЫ', '<p>ЧАСТНЫЕ ТОРГОВЦЫ</p>', '', NULL, NULL, NULL, '0.00000000000000', '0.00000000000000', NULL, '2018-08-26 12:48:36', NULL, '4_1532601020.jpg'),
(5, 1, 'Рынок Chorsu', 'Чорсу', '<p>Чорсу</p>', '<p>Чорсу</p>', 'Saqichmon ko\'chasi, Тошкент, Узбекистан', NULL, '+ (999) 99 999-9999', '41.32681068238257', '69.23515319824219', '2018-07-11 04:54:21', '2018-09-06 09:47:14', 'chorsu', '5_1535369456.jpg'),
(6, 2, 'ТРЦ Samarqand Darvoza', '', '<p>Samarqand Darvoza</p>', '', 'Qoratosh Ko\'Chasi, Yunusobod, Toshkent, Toshkent Shahri', NULL, '+ (999) 99 999-9999', '41.31638022249121', '69.23096895217897', '2018-07-11 05:48:00', '2018-09-05 04:29:12', 'mega-planet', '6_1536131671.jpg'),
(8, 3, 'Алмазар', '', '<p>1</p>', '', 'Chigatoy Darvoza Ko\'Chasi, Yunusobod, Toshkent, Toshkent Shahri', NULL, '', '41.33776711153546', '69.22395229339601', '2018-08-27 07:43:31', '2018-08-27 07:43:31', 'almazar', ''),
(9, 3, 'Бектемир', '', '<p>2</p>', '', 'Bektemir Yo\'Li Ko\'Chasi, Bektemir, Toshkent, Toshkent Shahri', NULL, '', '41.22276183031780', '69.33403015136720', '2018-08-27 07:44:55', '2018-08-27 07:44:55', 'bektemir', ''),
(10, 3, 'Кибрай', '', '<p>3</p>', '', 'Qibray, Toshkent', NULL, '', '41.38749900318143', '69.46020126342775', '2018-08-27 07:46:52', '2018-08-27 07:46:52', 'kibray', ''),
(11, 3, 'Мирабад', '', '<p>4</p>', '', 'Mirobod ko\'chasi, Hamza, Toshkent, Toshkent Shahri', NULL, '', '41.29093160065487', '69.27506446838380', '2018-08-27 07:47:38', '2018-08-27 07:47:38', 'mirabad', ''),
(12, 3, 'Мирзо Улугбек', '', '<p>5</p>', '', 'Mirzo Ulug\'Bek Shoh Ko\'Chasi, Mirzo Ulug\'bek, Toshkent, Toshkent Shahri', NULL, '', '41.32880875683843', '69.32948112487794', '2018-08-27 07:48:25', '2018-08-27 07:48:25', 'mirzo-ulugbek', ''),
(13, 3, 'Сергели', '', '<p>6</p>', '', 'Yangi Serg\'Ali Yo\'Li Ko\'Chasi, Sergeli, Toshkent, Toshkent Shahri', NULL, '', '41.21340027578711', '69.22863006591798', '2018-08-27 07:53:03', '2018-08-27 07:53:03', 'sergeli', ''),
(14, 3, 'Учтепа', '', '<p>7</p>', '', 'Uchtepa Ko\'Chasi, Shayxontohur, Toshkent, Toshkent Shahri', NULL, '', '41.29877478411842', '69.16582345962526', '2018-08-27 08:14:27', '2018-08-27 08:14:27', 'uchtepa', ''),
(15, 3, 'Чиланзар', '', '<p>8</p>', '', 'Chilonzor Ko\'Chasi, Yakkasaroy, Toshkent, Toshkent Shahri', NULL, '', '41.28061230739400', '69.22034740448000', '2018-08-27 08:17:50', '2018-08-27 08:17:50', 'chilanzar', ''),
(16, 3, 'Шайхонтохур', '', '<p>9</p>', '', 'Osiyo Ko\'Chasi, Mirzo Ulug\'bek, Toshkent, Toshkent Shahri', NULL, '', '41.32988833608625', '69.26300525665285', '2018-08-27 08:25:20', '2018-08-27 08:25:20', 'shaykhontokhur', ''),
(17, 3, 'Юнусабад', '', '<p>10</p>', '', 'Amir Temur shoh ko\'chasi, Mirzo Ulug\'bek, Toshkent, Toshkent Shahri', NULL, '', '41.32648840657059', '69.28300380706789', '2018-08-27 08:27:24', '2018-08-27 08:27:31', 'yunusabad', ''),
(18, 3, 'Яккасарай', '', '<p>11</p>', '', 'Yakkasaroy Ko\'Chasi, Mirobod, Toshkent, Toshkent Shahri', NULL, '', '41.26785605098345', '69.22721385955812', '2018-08-27 08:30:23', '2018-08-27 08:30:23', 'yakkasaray', ''),
(19, 1, 'Рынок Aviasozlar', '', '<p>2</p>', '', 'Aviasozlar Ko\'Chasi, Hamza, Toshkent, Toshkent Shahri', NULL, '', '41.28573587924519', '69.34875011444093', '2018-08-27 08:40:47', '2018-09-06 09:47:04', 'aviasozlar', '19_1536218995.jpg'),
(20, 2, 'ТЦ Poytaxt', '', '<p>ТРЦ Poytaxt</p>', '', 'Matbuotchilar ko\'chasi, Mirzo Ulug\'bek, Toshkent, Toshkent Shahri', NULL, '', '41.31141217445140', '69.27479624748231', '2018-09-05 04:15:50', '2018-09-20 03:02:01', 'trts-poytaxt', '20_1536131750.jpg'),
(21, 2, 'ТРЦ Next', '', '<p>ТРЦ&nbsp;Next</p>', '', 'Bobur Shoh Ko\'Chasi, Mirzo Ulug\'bek, Toshkent, Toshkent Shahri', NULL, '', '41.29810577237215', '69.24932062625886', '2018-09-05 04:18:58', '2018-09-05 04:26:33', 'trts-next', '21_1536132393.jpg'),
(22, 2, 'ТЦ Supercentre', '', '<p>ТРЦ Supercentre</p>', '', 'Oloy Bozori Tor Ko\'Chasi, Mirzo Ulug\'bek, Toshkent, Toshkent Shahri', NULL, '', '41.31961952432619', '69.28529441356660', '2018-09-05 04:28:40', '2018-09-20 03:02:10', 'trts-supercentre', '22_1536132520.jpg'),
(23, 1, 'Рынок Mirobod', '', '<p>Рынок Мирабад</p>', '', 'Mirobod ko\'chasi, Hamza, Toshkent, Toshkent Shahri', NULL, '', '41.29086711014006', '69.27488207817079', '2018-09-06 04:19:07', '2018-09-20 03:02:39', 'rynok-mirabad', '23_1536218371.jpg'),
(24, 2, 'ТЦ Zarafshon', '', '<p>ТРЦ Zarafshan</p>', '', 'Zarafshon Ko\'Chasi, Mirzo Ulug\'bek, Toshkent, Toshkent Shahri', NULL, '', '41.31212940185143', '69.27359461784364', '2018-09-06 09:22:12', '2018-09-20 03:02:15', 'trts-zarafshan', '24_1536237856.jpg'),
(25, 4, 'Алмазар', '', '<p>1</p>', '', 'Sagban Ko\'Chasi, Yunusobod, Toshkent, Toshkent Shahri', NULL, '', '41.33248247576301', '69.23360824584962', '2018-09-19 08:12:58', '2018-09-19 08:17:37', 'almazar-1', ''),
(26, 4, 'Бектемир', '', '<p>2</p>', '', 'Urta Chirchiq Ko\'Chasi, Bektemir, Toshkent, Toshkent Shahri', NULL, '', '41.22979825461049', '69.33368682861330', '2018-09-19 08:39:54', '2018-09-19 08:39:54', 'bektemir-1', ''),
(27, 4, 'Кибрай', '', '<p>3</p>', '', 'Qibray, Toshkent', NULL, '', '41.38988157202009', '69.46380615234376', '2018-09-19 08:46:33', '2018-09-19 08:46:33', 'kibray-1', ''),
(28, 4, 'Мирабад', '', '<p>4</p>', '', 'Mirobod 1-KO\'Chasi, Hamza, Toshkent, Toshkent Shahri', NULL, '', '41.29405931409850', '69.26959276199342', '2018-09-19 08:48:25', '2018-09-19 08:48:25', 'mirabad-1', ''),
(29, 4, 'Мирзо Улугбек', '', '<p>5</p>', '', 'Mustaqillik shoh ko\'chasi, Mirzo Ulug\'bek, Toshkent, Toshkent Shahri', NULL, '', '41.31817313954503', '69.29454803466798', '2018-09-19 08:51:28', '2018-09-19 08:51:28', 'mirzo-ulugbek-1', ''),
(30, 4, 'Сергели', '', '<p>6</p>', '', 'Savatchi Ko\'Chasi, Sergeli, Toshkent, Toshkent Shahri', NULL, '', '41.25496824996079', '69.24510955810548', '2018-09-19 08:52:56', '2018-09-19 08:52:56', 'sergeli-1', ''),
(31, 4, 'Учтепа', '', '<p>7</p>', '', 'Uchtepa Ko\'Chasi, Shayxontohur, Toshkent, Toshkent Shahri', NULL, '', '41.29844430929419', '69.16507244110109', '2018-09-19 09:00:23', '2018-09-19 09:00:23', 'uchtepa-1', ''),
(32, 4, 'Чиланзар', '', '<p>8</p>', '', 'Kurilish Ko\'Chasi, Chilonzor, Toshkent, Toshkent Shahri', NULL, '', '41.27225893445582', '69.16082382202150', '2018-09-19 09:03:41', '2018-09-19 09:03:41', 'chilanzar-1', ''),
(33, 4, 'Шайхонтохур', '', '<p>9</p>', '', 'Batu 1-TOR Ko\'Chasi, Shayxontohur, Toshkent, Toshkent Shahri', NULL, '', '41.30179734200696', '69.15618896484376', '2018-09-19 09:05:20', '2018-09-19 09:05:20', 'shaykhontokhur-1', ''),
(34, 4, 'Юнусабад', '', '<p>10</p>', '', 'Amir Temur shoh ko\'chasi, Yunusobod, Toshkent, Toshkent Shahri', NULL, '', '41.35220100440021', '69.28806781768800', '2018-09-19 09:06:53', '2018-09-19 09:06:53', 'yunusabad-1', ''),
(35, 4, 'Яккасарай', '', '<p>11</p>', '', 'Bog\'Idil Ko\'Chasi, Hamza, Toshkent, Toshkent Shahri', NULL, '', '41.29444623729712', '69.25849914550783', '2018-09-19 09:11:44', '2018-09-19 09:11:44', 'yakkasaray-1', ''),
(36, 1, 'Рынок Parkent', '', '<p>4</p>', '', 'Parkent Ko\'Chasi, Mirzo Ulug\'bek, Toshkent, Toshkent Shahri', NULL, '', '41.31461143127410', '69.32295799255373', '2018-09-20 03:04:39', '2018-09-20 03:05:58', 'rynok-parkent', '36_1537423558.jpg'),
(37, 2, 'ТРЦ Mega Planet', '', '<p>6</p>', '', 'Yangishahar Ko\'Chasi, Yunusobod, Toshkent, Toshkent Shahri', NULL, '', '41.36728390228002', '69.29108262062074', '2018-09-20 03:18:53', '2018-09-20 03:18:53', 'trts-mega-planet', '37_1537424333.jpg');

-- --------------------------------------------------------

--
-- Структура таблицы `migrations`
--

CREATE TABLE `migrations` (
  `id` int(10) UNSIGNED NOT NULL,
  `migration` varchar(255) COLLATE utf8_unicode_ci NOT NULL,
  `batch` int(11) NOT NULL
) ENGINE=InnoDB DEFAULT CHARSET=utf8 COLLATE=utf8_unicode_ci;

--
-- Дамп данных таблицы `migrations`
--

INSERT INTO `migrations` (`id`, `migration`, `batch`) VALUES
(1, '2014_10_12_000000_create_users_table', 1),
(2, '2014_10_12_100000_create_password_resets_table', 1),
(3, '2017_02_17_142414_entrust_setup_tables', 1),
(4, '2017_02_21_065104_create_products_table', 1),
(5, '2017_02_22_091021_create_shops_table', 1),
(6, '2017_02_25_065513_create_categories_table', 1),
(7, '2017_03_09_104248_create_comments_table', 1),
(8, '2017_03_24_080113_likes', 1),
(9, '2017_03_29_045549_create_favourite_products', 1),
(10, '2017_04_08_052421_add_column_to_product', 1),
(11, '2017_04_11_143329_change_column_in_shops', 1),
(12, '2017_04_21_144852_create_features_table', 1),
(13, '2017_04_22_051601_create_category_features_table', 1),
(14, '2017_04_22_055257_create_product_category_table', 1),
(15, '2017_04_26_054649_add_alias_to_shop', 1),
(16, '2017_05_04_060224_create_mall_categories_table', 1),
(17, '2017_05_04_133038_add_alias_to_mall_category', 1),
(18, '2017_05_04_135722_change_is_active_in_products', 1),
(19, '2017_05_05_125454_create_pages_table', 1),
(20, '2017_05_06_105958_add_alias_to_category', 1),
(21, '2017_05_06_110950_change_products_table_column', 1),
(22, '2017_05_06_112538_add_icon_column_to_category', 1),
(23, '2017_05_07_172202_create_feedback_table', 1),
(24, '2017_05_07_181824_change_shops_table_column', 1),
(25, '2017_06_05_080316_create_feedback_type_table', 1),
(26, '2017_06_05_081049_transfer_feedback_type', 1),
(27, '2017_06_20_132156_remove_column_in_shop', 1),
(28, '2017_06_29_104525_remove_column_in_products', 1),
(29, '2017_07_01_094845_add_subcategory_column_product', 1),
(30, '2018_06_30_103644_create_users_roles', 1),
(31, '2018_06_30_205248_create_orders', 1),
(32, '2018_07_02_121942_create_order_product', 1),
(33, '2018_07_02_122154_change_order', 1),
(34, '2018_07_02_125928_add_alias_product', 1),
(35, '2018_07_03_003231_create_promo_codes', 1),
(36, '2018_07_03_003311_create_settings', 1),
(37, '2018_07_03_050940_alter_table_product_short_two', 1),
(38, '2018_07_03_120243_add_orders_user_id', 1),
(39, '2018_07_03_122102_rename_orders_ispay_status', 1),
(40, '2018_07_04_070144_add_count_to_products', 1),
(41, '2018_07_04_074008_add_count_to_products_new', 1),
(42, '2018_07_04_095739_edit_promo_orders', 1),
(43, '2018_07_04_120337_add_order_product_price', 1),
(44, '2018_07_04_184952_add_order_product_status', 1),
(45, '2018_07_08_180635_add_date_for_promo', 1),
(46, '2018_07_09_004014_edit_sale_order', 1),
(47, '2018_07_14_061031_add_status_user', 2),
(48, '2018_07_16_072846_add_column_auto_course_settings', 2),
(49, '2018_07_16_131655_add_table_size_product', 2),
(50, '2018_07_17_060357_add_column_size_product_for_products', 2),
(51, '2018_07_17_090157_add_column_size_product_for_order_product', 2),
(52, '2018_07_17_104304_add_column_pay_status_for_orders', 2),
(53, '2018_07_17_110525_change_pay_status', 2),
(54, '2018_07_18_100216_add_column_status_to_shop', 2),
(55, '2018_07_18_122851_change_column_short', 2),
(56, '2018_07_19_142246_add_columns_for_sale_product', 3),
(57, '2018_07_23_092656_add_column_sale_to_order_product', 4),
(58, '2018_08_01_131045_add_main_image_column_product', 5),
(59, '2018_08_02_064153_add_column_main_image_to_shops', 6),
(60, '2018_08_02_093947_add_column_main_image_to_malls', 6),
(61, '2018_08_02_093953_add_column_main_image_to_category', 6),
(62, '2018_08_02_102825_icons', 6),
(63, '2018_08_02_103023_icons_data', 6),
(64, '2018_08_21_093627_add_color_to_products_table', 7),
(65, '2018_08_27_050146_edit_order_table', 8),
(66, '2018_08_27_050539_edit_order_table_second_part', 8),
(67, '2018_08_28_043321_edit_currency_for_products', 8),
(68, '2018_08_28_045320_edit_currency_for_products_second', 8),
(69, '2018_08_28_103440_add_table_for_key_words', 8),
(70, '2018_08_28_113408_values_for_key_words', 8),
(71, '2018_08_28_114302_values_for_key_words_second_part', 8),
(72, '2018_08_28_193042_add_new_version_table_for_key_words', 8),
(73, '2018_08_28_193525_values_for_key_words_second_part_new_versiom', 8),
(74, '2018_09_08_062021_transactions', 9),
(75, '2018_09_08_071253_payme_uz', 9),
(76, '2018_09_08_071257_click', 9),
(77, '2018_09_08_074525_add_columns_for_click', 9);

-- --------------------------------------------------------

--
-- Структура таблицы `orders`
--

CREATE TABLE `orders` (
  `id` bigint(20) UNSIGNED NOT NULL,
  `summ` int(11) NOT NULL,
  `username` varchar(255) COLLATE utf8_unicode_ci NOT NULL,
  `phone` varchar(255) COLLATE utf8_unicode_ci NOT NULL,
  `sale` int(11) NOT NULL DEFAULT '0',
  `address` text COLLATE utf8_unicode_ci NOT NULL,
  `lat` varchar(255) COLLATE utf8_unicode_ci NOT NULL,
  `lng` varchar(255) COLLATE utf8_unicode_ci NOT NULL,
  `with_delivery` tinyint(1) NOT NULL DEFAULT '0',
  `status` tinyint(1) NOT NULL DEFAULT '0',
  `currency` enum('sum','usd') COLLATE utf8_unicode_ci NOT NULL DEFAULT 'sum',
  `pay_status` int(11) NOT NULL DEFAULT '1',
  `created_at` timestamp NULL DEFAULT NULL,
  `updated_at` timestamp NULL DEFAULT NULL,
  `user_id` int(11) NOT NULL,
  `pay_type` int(11) DEFAULT NULL,
  `comments` text COLLATE utf8_unicode_ci
) ENGINE=InnoDB DEFAULT CHARSET=utf8 COLLATE=utf8_unicode_ci;

--
-- Дамп данных таблицы `orders`
--

INSERT INTO `orders` (`id`, `summ`, `username`, `phone`, `sale`, `address`, `lat`, `lng`, `with_delivery`, `status`, `currency`, `pay_status`, `created_at`, `updated_at`, `user_id`, `pay_type`, `comments`) VALUES
(1, 122200, 'Dilya Alimova', '998946347703', 0, 'Yunusota Ko\'Chasi, Yunusobod, Toshkent, Toshkent Shahri', '41.373225999999995', '69.3053029', 1, 1, 'sum', 1, '2018-09-08 13:11:51', '2018-09-08 13:11:53', 34, 3, ''),
(2, 290000, 'Dilya Alimova', '998946347703', 0, 'Yunusota Ko\'Chasi, Yunusobod, Toshkent, Toshkent Shahri', '41.373225999999995', '69.3053029', 1, 1, 'sum', 1, '2018-09-08 13:14:56', '2018-09-08 13:15:04', 34, 3, ''),
(3, 122200, 'Dilya Alimova', '998946347703', 0, 'Yunusota Ko\'Chasi, Yunusobod, Toshkent, Toshkent Shahri', '41.373225999999995', '69.3053029', 1, 1, 'sum', 1, '2018-09-08 13:17:43', '2018-09-08 13:17:44', 34, 3, ''),
(4, 122200, 'Dilya Alimova', '998946347703', 0, 'Yunusota Ko\'Chasi, Yunusobod, Toshkent, Toshkent Shahri', '41.373225999999995', '69.3053029', 1, 1, 'sum', 1, '2018-09-08 13:24:23', '2018-09-08 13:24:24', 34, 3, ''),
(8, 122200, 'Dilya Alimova', '998946347703', 0, 'Yunusota Ko\'Chasi, Yunusobod, Toshkent, Toshkent Shahri', '41.373225999999995', '69.3053029', 1, 1, 'sum', 1, '2018-09-08 14:03:51', '2018-09-08 14:03:52', 34, 3, ''),
(9, 375800, 'Dilya Alimova', '998946347703', 0, 'Yunusota Ko\'Chasi, Yunusobod, Toshkent, Toshkent Shahri', '41.37370062645426', '69.30506203973488', 1, 1, 'sum', 1, '2018-09-08 16:33:06', '2018-09-08 16:33:08', 34, 3, ''),
(10, 375800, 'Dilya Alimova', '998946347703', 0, 'Yunusota Ko\'Chasi, Yunusobod, Toshkent, Toshkent Shahri', '41.37370062645426', '69.30506203973488', 1, 1, 'sum', 1, '2018-09-08 16:33:31', '2018-09-08 16:33:33', 34, 3, ''),
(11, 375800, 'Dilya Alimova', '998946347703', 0, 'Yunusota Ko\'Chasi, Yunusobod, Toshkent, Toshkent Shahri', '41.37370062645426', '69.30506203973488', 1, 0, 'sum', 1, '2018-09-08 16:33:44', '2018-09-08 16:33:44', 34, 2, ''),
(12, 375800, 'Dilya Alimova', '998946347703', 0, 'Yunusota Ko\'Chasi, Yunusobod, Toshkent, Toshkent Shahri', '41.37370062645426', '69.30506203973488', 1, 1, 'sum', 0, '2018-09-08 16:34:15', '2018-09-08 16:35:05', 34, 3, ''),
(13, 375800, 'Dilya Alimova', '998946347703', 0, 'Yunusota Ko\'Chasi, Yunusobod, Toshkent, Toshkent Shahri', '41.37370062645426', '69.30506203973488', 1, 1, 'sum', 1, '2018-09-08 16:38:14', '2018-09-08 16:38:18', 34, 3, ''),
(14, 375800, 'Dilya Alimova', '998946347703', 0, 'Yunusota Ko\'Chasi, Yunusobod, Toshkent, Toshkent Shahri', '41.37370062645426', '69.30506203973488', 1, 1, 'sum', 1, '2018-09-08 17:23:36', '2018-09-08 17:23:37', 34, 3, ''),
(15, 375800, 'Dilya Alimova', '998946347703', 0, 'Yunusota Ko\'Chasi, Yunusobod, Toshkent, Toshkent Shahri', '41.37370062645426', '69.30506203973488', 1, 1, 'sum', 1, '2018-09-08 17:27:03', '2018-09-08 17:27:29', 34, 3, ''),
(16, 375800, 'Dilya Alimova', '998946347703', 0, 'Yunusota Ko\'Chasi, Yunusobod, Toshkent, Toshkent Shahri', '41.37370062645426', '69.30506203973488', 1, 1, 'sum', 1, '2018-09-08 17:27:55', '2018-09-08 17:27:56', 34, 3, ''),
(17, 375800, 'Dilya Alimova', '998946347703', 0, 'Yunusota Ko\'Chasi, Yunusobod, Toshkent, Toshkent Shahri', '41.37370062645426', '69.30506203973488', 1, 1, 'sum', 1, '2018-09-08 17:28:19', '2018-09-08 17:28:20', 34, 3, ''),
(18, 380500, 'Dilya Alimova', '998946347703', 0, 'Yunusota Ko\'Chasi, Yunusobod, Toshkent, Toshkent Shahri', '41.373205399999996', '69.3053899', 1, 1, 'sum', 0, '2018-09-09 02:23:04', '2018-09-09 02:23:07', 34, 3, ''),
(19, 380500, 'Dilya Alimova', '998946347703', 0, 'Yunusota Ko\'Chasi, Yunusobod, Toshkent, Toshkent Shahri', '41.373205399999996', '69.3053899', 1, 1, 'sum', 1, '2018-09-09 02:47:48', '2018-09-09 02:48:18', 34, 3, ''),
(20, 380500, 'Dilya Alimova', '998946347703', 0, 'Yunusota Ko\'Chasi, Yunusobod, Toshkent, Toshkent Shahri', '41.373205399999996', '69.3053899', 1, 1, 'sum', 1, '2018-09-09 02:54:33', '2018-09-09 02:54:34', 34, 3, ''),
(21, 380500, 'Dilya Alimova', '998946347703', 0, 'Yunusota Ko\'Chasi, Yunusobod, Toshkent, Toshkent Shahri', '41.373205399999996', '69.3053899', 1, 1, 'sum', 0, '2018-09-09 02:56:29', '2018-09-09 02:56:30', 34, 3, ''),
(22, 380500, 'Dilya Alimova', '998946347703', 0, 'Yunusota Ko\'Chasi, Yunusobod, Toshkent, Toshkent Shahri', '41.373205399999996', '69.3053899', 1, 1, 'sum', 1, '2018-09-09 02:59:36', '2018-09-09 02:59:38', 34, 3, ''),
(23, 380500, 'Dilya Alimova', '998946347703', 0, 'Yunusota Ko\'Chasi, Yunusobod, Toshkent, Toshkent Shahri', '41.373205399999996', '69.3053899', 1, 1, 'sum', 1, '2018-09-09 03:07:05', '2018-09-09 03:07:06', 34, 3, ''),
(24, 380500, 'Dilya Alimova', '998946347703', 0, 'Yunusota Ko\'Chasi, Yunusobod, Toshkent, Toshkent Shahri', '41.373205399999996', '69.3053899', 1, 1, 'sum', 1, '2018-09-09 03:29:04', '2018-09-09 03:29:05', 34, 3, ''),
(25, 380500, 'Dilya Alimova', '998946347703', 0, 'Yunusota Ko\'Chasi, Yunusobod, Toshkent, Toshkent Shahri', '41.373205399999996', '69.3053899', 1, 1, 'sum', 2, '2018-09-09 03:29:50', '2018-09-09 03:29:50', 34, 3, ''),
(26, 380500, 'Dilya Alimova', '998946347703', 0, 'Yunusota Ko\'Chasi, Yunusobod, Toshkent, Toshkent Shahri', '41.373205399999996', '69.3053899', 1, 1, 'sum', 1, '2018-09-09 03:31:57', '2018-09-09 03:31:58', 34, 3, ''),
(27, 380500, 'Dilya Alimova', '998946347703', 0, 'Yunusota Ko\'Chasi, Yunusobod, Toshkent, Toshkent Shahri', '41.373205399999996', '69.3053899', 1, 1, 'sum', 0, '2018-09-09 04:08:18', '2018-09-09 04:08:19', 34, 3, ''),
(28, 122200, 'info@itmaker.uz', '998906470000', 0, 'Yunusota Ko\'Chasi, Yunusobod, Toshkent, Toshkent Shahri', '41.3731954', '69.3054307', 1, 1, 'sum', 1, '2018-09-09 16:15:34', '2018-09-09 16:15:42', 0, 3, ''),
(29, 375800, 'info@itmaker.uz', '998906470000', 0, 'Yunusota Ko\'Chasi, Yunusobod, Toshkent, Toshkent Shahri', '41.373287499999996', '69.3055494', 1, 1, 'sum', 1, '2018-09-09 19:04:23', '2018-09-09 19:04:24', 0, 3, ''),
(30, 375800, 'info@itmaker.uz', '998906470000', 0, 'Yunusota Ko\'Chasi, Yunusobod, Toshkent, Toshkent Shahri', '41.373287499999996', '69.3055494', 1, 1, 'sum', 1, '2018-09-09 19:15:13', '2018-09-09 19:15:14', 0, 3, ''),
(31, 375800, 'info@itmaker.uz', '998906470000', 0, 'Yunusota Ko\'Chasi, Yunusobod, Toshkent, Toshkent Shahri', '41.373231499999996', '69.3054209', 1, 1, 'sum', 1, '2018-09-09 23:38:20', '2018-09-09 23:38:20', 0, 3, ''),
(32, 460000, 'info@itmaker.uz', '998906470000', 0, 'Yunusota Ko\'Chasi, Yunusobod, Toshkent, Toshkent Shahri', '41.373267', '69.30553259999999', 1, 1, 'sum', 1, '2018-09-10 13:08:54', '2018-09-10 13:08:55', 0, 3, ''),
(33, 375800, 'nurmanovig@gmail.com', '998906470000', 0, 'Yunusota Ko\'Chasi, Yunusobod, Toshkent, Toshkent Shahri', '41.373267', '69.30553259999999', 1, 1, 'sum', 1, '2018-09-10 13:10:51', '2018-09-10 13:11:36', 0, 3, ''),
(34, 375800, 'info@itmaker.uz', '933898800', 0, 'Yunusota Ko\'Chasi, Yunusobod, Toshkent, Toshkent Shahri', '41.373267', '69.30553259999999', 1, 1, 'sum', 1, '2018-09-10 13:42:05', '2018-09-10 13:42:07', 0, 3, ''),
(35, 375800, 'info@itmaker.uz', '933898800', 0, 'Yunusota Ko\'Chasi, Yunusobod, Toshkent, Toshkent Shahri', '41.373267', '69.30553259999999', 1, 1, 'sum', 0, '2018-09-10 13:49:30', '2018-09-10 13:49:31', 0, 3, ''),
(36, 375800, 'info@itmaker.uz', '906473594', 0, 'Yunusota Ko\'Chasi, Yunusobod, Toshkent, Toshkent Shahri', '41.373267', '69.30553259999999', 1, 1, 'sum', 1, '2018-09-10 14:08:07', '2018-09-10 14:08:08', 0, 3, ''),
(37, 375800, 'info@itmaker.uz', '906473594', 0, 'Yunusota Ko\'Chasi, Yunusobod, Toshkent, Toshkent Shahri', '41.373267', '69.30553259999999', 1, 1, 'sum', 1, '2018-09-10 14:32:35', '2018-09-10 14:32:36', 0, 3, ''),
(38, 375800, 'info@itmaker.uz', '906473594', 0, 'Yunusota Ko\'Chasi, Yunusobod, Toshkent, Toshkent Shahri', '41.373267', '69.30553259999999', 1, 1, 'sum', 1, '2018-09-10 14:33:17', '2018-09-10 14:33:19', 0, 3, ''),
(39, 375800, 'info@itmaker.uz', '998906470000', 0, 'Yunusota Ko\'Chasi, Yunusobod, Toshkent, Toshkent Shahri', '41.373267', '69.30553259999999', 1, 1, 'sum', 2, '2018-09-10 14:34:42', '2018-09-10 14:34:44', 0, 3, ''),
(40, 375800, 'info@itmaker.uz', '933898800', 0, 'Yunusota Ko\'Chasi, Yunusobod, Toshkent, Toshkent Shahri', '41.373267', '69.30553259999999', 1, 1, 'sum', 2, '2018-09-10 15:02:52', '2018-09-10 15:02:53', 0, 3, ''),
(41, 375800, 'info@itmaker.uz', '998692671', 0, 'Yunusota Ko\'Chasi, Yunusobod, Toshkent, Toshkent Shahri', '41.373267', '69.30553259999999', 1, 1, 'sum', 1, '2018-09-10 15:05:06', '2018-09-10 15:05:08', 0, 3, ''),
(42, 375800, 'info@itmaker.uz', '933898800', 0, 'Yunusota Ko\'Chasi, Yunusobod, Toshkent, Toshkent Shahri', '41.373267', '69.30553259999999', 1, 1, 'sum', 1, '2018-09-10 15:20:17', '2018-09-10 15:20:19', 0, 3, ''),
(43, 375800, 'nurmanovig@gmail.com', '933898800', 0, 'Yunusota Ko\'Chasi, Yunusobod, Toshkent, Toshkent Shahri', '41.373267', '69.30553259999999', 1, 1, 'sum', 1, '2018-09-10 15:22:03', '2018-09-10 15:22:04', 0, 3, ''),
(47, 2783250, 'Dilya Alimova', '998946347703', 0, 'Yunusota Ko\'Chasi, Yunusobod, Toshkent, Toshkent Shahri', '41.373283900000004', '69.3054459', 1, 1, 'sum', 1, '2018-09-11 01:10:02', '2018-09-11 01:10:02', 34, 1, ''),
(55, 2783250, 'Dilya Alimova', '998946347703', 0, 'Yunusota Ko\'Chasi, Yunusobod, Toshkent, Toshkent Shahri', '41.373283900000004', '69.3054459', 1, 0, 'sum', 1, '2018-09-11 01:23:49', '2018-09-11 01:23:49', 34, 2, ''),
(57, 2783250, 'Dilya Alimova', '998946347703', 0, 'Yunusota Ko\'Chasi, Yunusobod, Toshkent, Toshkent Shahri', '41.373283900000004', '69.3054459', 1, 0, 'sum', 1, '2018-09-11 01:28:53', '2018-09-11 01:28:53', 34, 2, ''),
(58, 2783250, 'Dilya Alimova', '998946347703', 0, 'Yunusota Ko\'Chasi, Yunusobod, Toshkent, Toshkent Shahri', '41.373283900000004', '69.3054459', 1, 0, 'sum', 1, '2018-09-11 01:33:08', '2018-09-11 01:33:08', 34, 2, ''),
(59, 2783250, 'Dilya Alimova', '998946347703', 0, 'Yunusota Ko\'Chasi, Yunusobod, Toshkent, Toshkent Shahri', '41.373283900000004', '69.3054459', 1, 0, 'sum', 1, '2018-09-11 01:34:37', '2018-09-11 01:34:37', 34, 2, ''),
(60, 2783250, 'Dilya Alimova', '998946347703', 0, 'Yunusota Ko\'Chasi, Yunusobod, Toshkent, Toshkent Shahri', '41.373283900000004', '69.3054459', 1, 0, 'sum', 1, '2018-09-11 01:36:33', '2018-09-11 01:36:33', 34, 2, ''),
(61, 2783250, 'Dilya Alimova', '998946347703', 0, 'Yunusota Ko\'Chasi, Yunusobod, Toshkent, Toshkent Shahri', '41.373283900000004', '69.3054459', 1, 0, 'sum', 1, '2018-09-11 01:36:36', '2018-09-11 01:36:36', 34, 2, ''),
(62, 2783250, 'Dilya Alimova', '998946347703', 0, 'Yunusota Ko\'Chasi, Yunusobod, Toshkent, Toshkent Shahri', '41.373283900000004', '69.3054459', 1, 0, 'sum', 1, '2018-09-11 01:36:37', '2018-09-11 01:36:37', 34, 2, ''),
(63, 2783250, 'Dilya Alimova', '998946347703', 0, 'Yunusota Ko\'Chasi, Yunusobod, Toshkent, Toshkent Shahri', '41.373283900000004', '69.3054459', 1, 0, 'sum', 1, '2018-09-11 01:36:40', '2018-09-11 01:36:40', 34, 2, ''),
(64, 2783250, 'Dilya Alimova', '998946347703', 0, 'Yunusota Ko\'Chasi, Yunusobod, Toshkent, Toshkent Shahri', '41.373283900000004', '69.3054459', 1, 0, 'sum', 1, '2018-09-11 01:37:28', '2018-09-11 01:37:28', 34, 2, ''),
(65, 2783250, 'Dilya Alimova', '998946347703', 0, 'Yunusota Ko\'Chasi, Yunusobod, Toshkent, Toshkent Shahri', '41.373283900000004', '69.3054459', 1, 0, 'sum', 1, '2018-09-11 01:37:28', '2018-09-11 01:37:28', 34, 2, ''),
(66, 2783250, 'Dilya Alimova', '998946347703', 0, 'Yunusota Ko\'Chasi, Yunusobod, Toshkent, Toshkent Shahri', '41.373283900000004', '69.3054459', 1, 0, 'sum', 1, '2018-09-11 01:37:28', '2018-09-11 01:37:28', 34, 2, ''),
(67, 2783250, 'Dilya Alimova', '998946347703', 0, 'Yunusota Ko\'Chasi, Yunusobod, Toshkent, Toshkent Shahri', '41.373283900000004', '69.3054459', 1, 0, 'sum', 1, '2018-09-11 01:37:29', '2018-09-11 01:37:29', 34, 2, ''),
(68, 2783250, 'Dilya Alimova', '998946347703', 0, 'Yunusota Ko\'Chasi, Yunusobod, Toshkent, Toshkent Shahri', '41.373283900000004', '69.3054459', 1, 0, 'sum', 1, '2018-09-11 01:37:55', '2018-09-11 01:37:55', 34, 2, ''),
(69, 2783250, 'Dilya Alimova', '998946347703', 0, 'Yunusota Ko\'Chasi, Yunusobod, Toshkent, Toshkent Shahri', '41.373283900000004', '69.3054459', 1, 0, 'sum', 1, '2018-09-11 01:37:56', '2018-09-11 01:37:56', 34, 2, ''),
(70, 2783250, 'Dilya Alimova', '998946347703', 0, 'Yunusota Ko\'Chasi, Yunusobod, Toshkent, Toshkent Shahri', '41.373283900000004', '69.3054459', 1, 0, 'sum', 1, '2018-09-11 01:37:56', '2018-09-11 01:37:56', 34, 2, ''),
(71, 2783250, 'Dilya Alimova', '998946347703', 0, 'Yunusota Ko\'Chasi, Yunusobod, Toshkent, Toshkent Shahri', '41.373283900000004', '69.3054459', 1, 0, 'sum', 1, '2018-09-11 01:37:57', '2018-09-11 01:37:57', 34, 2, ''),
(72, 2783250, 'Dilya Alimova', '998946347703', 0, 'Yunusota Ko\'Chasi, Yunusobod, Toshkent, Toshkent Shahri', '41.373283900000004', '69.3054459', 1, 0, 'sum', 1, '2018-09-11 01:39:15', '2018-09-11 01:39:15', 34, 2, ''),
(73, 2783250, 'Dilya Alimova', '998946347703', 0, 'Yunusota Ko\'Chasi, Yunusobod, Toshkent, Toshkent Shahri', '41.373283900000004', '69.3054459', 1, 0, 'sum', 1, '2018-09-11 01:39:40', '2018-09-11 01:39:40', 34, 2, ''),
(74, 2783250, 'Dilya Alimova', '998946347703', 0, 'Yunusota Ko\'Chasi, Yunusobod, Toshkent, Toshkent Shahri', '41.373283900000004', '69.3054459', 1, 0, 'sum', 1, '2018-09-11 01:39:41', '2018-09-11 01:39:41', 34, 2, ''),
(75, 2783250, 'Dilya Alimova', '998946347703', 0, 'Yunusota Ko\'Chasi, Yunusobod, Toshkent, Toshkent Shahri', '41.373283900000004', '69.3054459', 1, 0, 'sum', 1, '2018-09-11 01:39:41', '2018-09-11 01:39:41', 34, 2, ''),
(76, 2783250, 'Dilya Alimova', '998946347703', 0, 'Yunusota Ko\'Chasi, Yunusobod, Toshkent, Toshkent Shahri', '41.373283900000004', '69.3054459', 1, 0, 'sum', 1, '2018-09-11 01:40:02', '2018-09-11 01:40:02', 34, 2, ''),
(77, 2783250, 'Dilya Alimova', '998946347703', 0, 'Yunusota Ko\'Chasi, Yunusobod, Toshkent, Toshkent Shahri', '41.373283900000004', '69.3054459', 1, 0, 'sum', 1, '2018-09-11 01:40:03', '2018-09-11 01:40:03', 34, 2, ''),
(78, 2783250, 'Dilya Alimova', '998946347703', 0, 'Yunusota Ko\'Chasi, Yunusobod, Toshkent, Toshkent Shahri', '41.373283900000004', '69.3054459', 1, 0, 'sum', 1, '2018-09-11 01:40:56', '2018-09-11 01:40:56', 34, 2, ''),
(79, 2783250, 'Dilya Alimova', '998946347703', 0, 'Yunusota Ko\'Chasi, Yunusobod, Toshkent, Toshkent Shahri', '41.373283900000004', '69.3054459', 1, 0, 'sum', 1, '2018-09-11 01:40:57', '2018-09-11 01:40:57', 34, 2, ''),
(80, 2783250, 'Dilya Alimova', '998946347703', 0, 'Yunusota Ko\'Chasi, Yunusobod, Toshkent, Toshkent Shahri', '41.373283900000004', '69.3054459', 1, 0, 'sum', 1, '2018-09-11 01:41:14', '2018-09-11 01:41:14', 34, 2, ''),
(81, 2783250, 'Dilya Alimova', '998946347703', 0, 'Yunusota Ko\'Chasi, Yunusobod, Toshkent, Toshkent Shahri', '41.373283900000004', '69.3054459', 1, 0, 'sum', 1, '2018-09-11 01:41:26', '2018-09-11 01:41:26', 34, 2, ''),
(82, 2783250, 'Dilya Alimova', '998946347703', 0, 'Yunusota Ko\'Chasi, Yunusobod, Toshkent, Toshkent Shahri', '41.373283900000004', '69.3054459', 1, 0, 'sum', 1, '2018-09-11 01:41:44', '2018-09-11 01:41:44', 34, 2, ''),
(83, 2783250, 'Dilya Alimova', '998946347703', 0, 'Yunusota Ko\'Chasi, Yunusobod, Toshkent, Toshkent Shahri', '41.373283900000004', '69.3054459', 1, 0, 'sum', 1, '2018-09-11 01:41:45', '2018-09-11 01:41:45', 34, 2, ''),
(84, 2783250, 'Dilya Alimova', '998946347703', 0, 'Yunusota Ko\'Chasi, Yunusobod, Toshkent, Toshkent Shahri', '41.373283900000004', '69.3054459', 1, 0, 'sum', 1, '2018-09-11 01:41:46', '2018-09-11 01:41:46', 34, 2, ''),
(85, 2783250, 'Dilya Alimova', '998946347703', 0, 'Yunusota Ko\'Chasi, Yunusobod, Toshkent, Toshkent Shahri', '41.373283900000004', '69.3054459', 1, 0, 'sum', 1, '2018-09-11 01:41:46', '2018-09-11 01:41:46', 34, 2, ''),
(86, 2783250, 'Dilya Alimova', '998946347703', 0, 'Yunusota Ko\'Chasi, Yunusobod, Toshkent, Toshkent Shahri', '41.373283900000004', '69.3054459', 1, 0, 'sum', 1, '2018-09-11 01:41:47', '2018-09-11 01:41:47', 34, 2, ''),
(87, 2783250, 'Dilya Alimova', '998946347703', 0, 'Yunusota Ko\'Chasi, Yunusobod, Toshkent, Toshkent Shahri', '41.373283900000004', '69.3054459', 1, 0, 'sum', 1, '2018-09-11 01:41:47', '2018-09-11 01:41:47', 34, 2, ''),
(88, 2783250, 'Dilya Alimova', '998946347703', 0, 'Yunusota Ko\'Chasi, Yunusobod, Toshkent, Toshkent Shahri', '41.373283900000004', '69.3054459', 1, 0, 'sum', 1, '2018-09-11 01:41:47', '2018-09-11 01:41:47', 34, 2, ''),
(89, 2783250, 'Dilya Alimova', '998946347703', 0, 'Yunusota Ko\'Chasi, Yunusobod, Toshkent, Toshkent Shahri', '41.373283900000004', '69.3054459', 1, 0, 'sum', 1, '2018-09-11 01:41:47', '2018-09-11 01:41:47', 34, 2, ''),
(90, 2783250, 'Dilya Alimova', '998946347703', 0, 'Yunusota Ko\'Chasi, Yunusobod, Toshkent, Toshkent Shahri', '41.373283900000004', '69.3054459', 1, 0, 'sum', 1, '2018-09-11 01:41:47', '2018-09-11 01:41:47', 34, 2, ''),
(91, 2783250, 'Dilya Alimova', '998946347703', 0, 'Yunusota Ko\'Chasi, Yunusobod, Toshkent, Toshkent Shahri', '41.373283900000004', '69.3054459', 1, 0, 'sum', 1, '2018-09-11 01:41:48', '2018-09-11 01:41:48', 34, 2, ''),
(92, 2783250, 'Dilya Alimova', '998946347703', 0, 'Yunusota Ko\'Chasi, Yunusobod, Toshkent, Toshkent Shahri', '41.373283900000004', '69.3054459', 1, 0, 'sum', 1, '2018-09-11 01:42:02', '2018-09-11 01:42:02', 34, 2, ''),
(93, 2783250, 'Dilya Alimova', '998946347703', 0, 'Yunusota Ko\'Chasi, Yunusobod, Toshkent, Toshkent Shahri', '41.373283900000004', '69.3054459', 1, 0, 'sum', 1, '2018-09-11 01:42:13', '2018-09-11 01:42:13', 34, 2, ''),
(94, 2783250, 'Dilya Alimova', '998946347703', 0, 'Yunusota Ko\'Chasi, Yunusobod, Toshkent, Toshkent Shahri', '41.373283900000004', '69.3054459', 1, 0, 'sum', 1, '2018-09-11 01:42:23', '2018-09-11 01:42:23', 34, 2, ''),
(103, 2783250, 'Dilya Alimova', '998946347703', 0, 'Yunusota Ko\'Chasi, Yunusobod, Toshkent, Toshkent Shahri', '41.373283900000004', '69.3054459', 1, 0, 'sum', 1, '2018-09-11 01:47:25', '2018-09-11 01:47:25', 34, 2, ''),
(105, 928750, 'Dilya Alimova', '998946347703', 0, 'Yunusota Ko\'Chasi, Yunusobod, Toshkent, Toshkent Shahri', '41.373283900000004', '69.3054459', 1, 1, 'sum', 1, '2018-09-11 01:50:00', '2018-09-11 01:50:01', 34, 3, ''),
(106, 877000, 'Dilya Alimova', '998946347703', 0, 'Oybek ko\'chasi, Hamza, Toshkent, Toshkent Shahri', '41.296683', '69.27510749999999', 1, 1, 'sum', 1, '2018-09-11 04:27:54', '2018-09-11 04:28:02', 34, 3, ''),
(107, 375800, 'nurmanovig@gmail.com', '931880416', 0, 'Yunusota Ko\'Chasi, Yunusobod, Toshkent, Toshkent Shahri', '41.3731969', '69.3054211', 1, 0, 'sum', 1, '2018-09-18 14:48:42', '2018-09-18 14:48:42', 0, 2, ''),
(108, 122200, 'akmal.nodirov@gmail.com', '906473594', 0, 'Yunusota Ko\'Chasi, Yunusobod, Toshkent, Toshkent Shahri', '41.3731969', '69.3054211', 1, 1, 'sum', 1, '2018-09-18 14:49:38', '2018-09-18 14:49:40', 0, 3, ''),
(109, 693000, 'akmal.nodirov@gmail.com', '906473594', 0, 'Yunusota Ko\'Chasi, Yunusobod, Toshkent, Toshkent Shahri', '41.3731969', '69.3054211', 1, 1, 'sum', 1, '2018-09-18 15:12:49', '2018-09-18 15:12:49', 0, 1, ''),
(110, 375800, '11111111', '998971478523', 0, 'Bunyodkor Shoh Ko\'Chasi, Yakkasaroy, Toshkent, Toshkent Shahri', '41.2770892', '69.2061185', 1, 1, 'sum', 1, '2018-09-19 05:01:11', '2018-09-19 05:01:13', 0, 3, ''),
(111, 197750, 'Dilya Alimova', '998946347703', 0, 'Bunyodkor Shoh Ko\'Chasi, Yakkasaroy, Toshkent, Toshkent Shahri', '41.2770892', '69.2061185', 1, 1, 'sum', 1, '2018-09-19 05:57:45', '2018-09-19 05:58:05', 34, 3, ''),
(112, 197750, 'Dilya Alimova', '998946347703', 0, 'Bunyodkor Shoh Ko\'Chasi, Yakkasaroy, Toshkent, Toshkent Shahri', '41.2770892', '69.2061185', 1, 0, 'sum', 1, '2018-09-19 05:58:19', '2018-09-19 05:58:19', 34, 2, ''),
(113, 197750, 'Dilya Alimova', '998946347703', 0, 'Bunyodkor Shoh Ko\'Chasi, Yakkasaroy, Toshkent, Toshkent Shahri', '41.2770892', '69.2061185', 1, 1, 'sum', 1, '2018-09-19 05:59:36', '2018-09-19 05:59:40', 34, 3, ''),
(114, 197750, 'Dilya Alimova', '998946347703', 0, 'Bunyodkor Shoh Ko\'Chasi, Yakkasaroy, Toshkent, Toshkent Shahri', '41.2770892', '69.2061185', 1, 1, 'sum', 1, '2018-09-19 06:00:37', '2018-09-19 06:00:38', 34, 3, ''),
(115, 197750, 'Dilya Alimova', '998946347703', 0, 'Bunyodkor Shoh Ko\'Chasi, Yakkasaroy, Toshkent, Toshkent Shahri', '41.2770892', '69.2061185', 1, 1, 'sum', 1, '2018-09-19 06:01:01', '2018-09-19 06:01:10', 34, 3, ''),
(116, 197750, 'Dilya Alimova', '998946347703', 0, 'Bunyodkor Shoh Ko\'Chasi, Yakkasaroy, Toshkent, Toshkent Shahri', '41.2770892', '69.2061185', 1, 1, 'sum', 1, '2018-09-19 06:01:43', '2018-09-19 06:01:52', 34, 3, ''),
(117, 197750, 'Dilya Alimova', '998946347703', 0, 'Bunyodkor Shoh Ko\'Chasi, Yakkasaroy, Toshkent, Toshkent Shahri', '41.2770892', '69.2061185', 1, 1, 'sum', 1, '2018-09-19 06:02:42', '2018-09-19 06:02:45', 34, 3, ''),
(118, 197750, 'Dilya Alimova', '998946347703', 0, 'Bunyodkor Shoh Ko\'Chasi, Yakkasaroy, Toshkent, Toshkent Shahri', '41.2770892', '69.2061185', 1, 1, 'sum', 1, '2018-09-19 06:03:14', '2018-09-19 06:03:21', 34, 3, ''),
(119, 197750, 'Dilya Alimova', '998946347703', 0, 'Bunyodkor Shoh Ko\'Chasi, Yakkasaroy, Toshkent, Toshkent Shahri', '41.2770892', '69.2061185', 1, 1, 'sum', 1, '2018-09-19 06:03:43', '2018-09-19 06:03:46', 34, 3, ''),
(120, 197750, 'Dilya Alimova', '998946347703', 0, 'Bunyodkor Shoh Ko\'Chasi, Yakkasaroy, Toshkent, Toshkent Shahri', '41.2770892', '69.2061185', 1, 0, 'sum', 1, '2018-09-19 06:03:59', '2018-09-19 06:03:59', 34, 2, ''),
(121, 197750, 'Dilya Alimova', '998946347703', 0, 'Bunyodkor Shoh Ko\'Chasi, Yakkasaroy, Toshkent, Toshkent Shahri', '41.2770892', '69.2061185', 1, 1, 'sum', 1, '2018-09-19 06:04:16', '2018-09-19 06:04:17', 34, 3, ''),
(122, 197750, 'Dilya Alimova', '998946347703', 0, 'Bunyodkor Shoh Ko\'Chasi, Yakkasaroy, Toshkent, Toshkent Shahri', '41.2770892', '69.2061185', 1, 1, 'sum', 1, '2018-09-19 06:07:49', '2018-09-19 06:07:50', 34, 3, ''),
(123, 197750, 'Dilya Alimova', '998946347703', 0, 'Bunyodkor Shoh Ko\'Chasi, Yakkasaroy, Toshkent, Toshkent Shahri', '41.2770892', '69.2061185', 1, 1, 'sum', 1, '2018-09-19 06:08:47', '2018-09-19 06:08:49', 34, 3, ''),
(124, 197750, 'Dilya Alimova', '998946347703', 0, 'Bunyodkor Shoh Ko\'Chasi, Yakkasaroy, Toshkent, Toshkent Shahri', '41.2770892', '69.2061185', 1, 1, 'sum', 1, '2018-09-19 06:11:11', '2018-09-19 06:11:12', 34, 3, ''),
(125, 197750, 'Dilya Alimova', '998946347703', 0, 'Bunyodkor Shoh Ko\'Chasi, Yakkasaroy, Toshkent, Toshkent Shahri', '41.2770892', '69.2061185', 1, 1, 'sum', 1, '2018-09-19 06:22:46', '2018-09-19 06:22:50', 34, 3, ''),
(126, 197750, 'Dilya Alimova', '998946347703', 0, 'Bunyodkor Shoh Ko\'Chasi, Yakkasaroy, Toshkent, Toshkent Shahri', '41.2770892', '69.2061185', 1, 1, 'sum', 1, '2018-09-19 06:24:07', '2018-09-19 06:24:10', 34, 3, ''),
(127, 197750, 'Dilya Alimova', '998946347703', 0, 'Bunyodkor Shoh Ko\'Chasi, Yakkasaroy, Toshkent, Toshkent Shahri', '41.2770892', '69.2061185', 1, 1, 'sum', 1, '2018-09-19 06:26:20', '2018-09-19 06:26:20', 34, 3, ''),
(128, 197750, 'Dilya Alimova', '998946347703', 0, 'Bunyodkor Shoh Ko\'Chasi, Yakkasaroy, Toshkent, Toshkent Shahri', '41.2770892', '69.2061185', 1, 1, 'sum', 1, '2018-09-19 06:27:32', '2018-09-19 06:28:37', 34, 3, ''),
(129, 197750, 'Dilya Alimova', '998946347703', 0, 'Bunyodkor Shoh Ko\'Chasi, Yakkasaroy, Toshkent, Toshkent Shahri', '41.2770892', '69.2061185', 1, 1, 'sum', 1, '2018-09-19 06:28:52', '2018-09-19 06:38:16', 34, 3, ''),
(130, 197750, 'Dilya Alimova', '998946347703', 0, 'Bunyodkor Shoh Ko\'Chasi, Yakkasaroy, Toshkent, Toshkent Shahri', '41.2770892', '69.2061185', 1, 1, 'sum', 1, '2018-09-19 06:39:03', '2018-09-19 06:39:10', 34, 3, ''),
(131, 197750, 'Dilya Alimova', '998946347703', 0, 'Bunyodkor Shoh Ko\'Chasi, Yakkasaroy, Toshkent, Toshkent Shahri', '41.2770892', '69.2061185', 1, 1, 'sum', 1, '2018-09-19 06:40:01', '2018-09-19 06:40:07', 34, 3, ''),
(132, 197750, 'Диля Алимова', '998933812629', 0, 'Kuhinur Ko\'Chasi, Hamza, Toshkent, Toshkent Shahri', '41.299055113614024', '69.26472134023021', 1, 1, 'sum', 1, '2018-09-19 10:29:21', '2018-09-19 10:29:29', 35, 3, ''),
(133, 197750, 'Диля Алимова', '998933812629', 0, 'Kuhinur Ko\'Chasi, Hamza, Toshkent, Toshkent Shahri', '41.299055113614024', '69.26472134023021', 1, 1, 'sum', 1, '2018-09-19 10:29:42', '2018-09-19 10:29:44', 35, 2, ''),
(134, 197750, 'Диля Алимова', '998933812629', 0, 'Kuhinur Ko\'Chasi, Hamza, Toshkent, Toshkent Shahri', '41.299055113614024', '69.26472134023021', 1, 1, 'sum', 1, '2018-09-19 10:29:59', '2018-09-19 10:29:59', 35, 1, ''),
(138, 360000, 'info@itmaker.uz', '931880416', 0, 'Toshkent, Toshkent Shahri', '41.3731667', '69.30521399999999', 1, 1, 'sum', 1, '2018-09-19 14:28:40', '2018-09-19 14:28:43', 0, 3, ''),
(139, 360000, 'info@itmaker.uz', '906473594', 0, 'Toshkent, Toshkent Shahri', '41.3731667', '69.30521399999999', 1, 1, 'sum', 1, '2018-09-19 14:36:53', '2018-09-19 14:36:54', 0, 3, ''),
(140, 360000, 'info@itmaker.uz', '931880416', 0, 'Toshkent, Toshkent Shahri', '41.3731667', '69.30521399999999', 1, 1, 'sum', 1, '2018-09-19 14:38:28', '2018-09-19 14:38:31', 0, 3, ''),
(141, 360000, 'info@itmaker.uz', '931880416', 0, 'Toshkent, Toshkent Shahri', '41.3731667', '69.30521399999999', 1, 1, 'sum', 1, '2018-09-19 14:44:51', '2018-09-19 14:44:56', 0, 3, ''),
(142, 360000, 'info@itmaker.uz', '931880416', 0, 'Toshkent, Toshkent Shahri', '41.3731667', '69.30521399999999', 1, 1, 'sum', 1, '2018-09-19 14:45:38', '2018-09-19 14:45:40', 0, 3, ''),
(143, 360000, 'info@itmaker.uz', '931880416', 0, 'Toshkent, Toshkent Shahri', '41.3731667', '69.30521399999999', 1, 1, 'sum', 1, '2018-09-19 14:50:43', '2018-09-19 14:50:45', 0, 3, ''),
(144, 360000, 'nurmanovig@gmail.com', '931880416', 0, 'Toshkent, Toshkent Shahri', '41.3731667', '69.30521399999999', 1, 1, 'sum', 1, '2018-09-19 14:51:35', '2018-09-19 14:51:37', 0, 3, ''),
(145, 360000, 'info@itmaker.uz', '931880416', 0, 'Toshkent, Toshkent Shahri', '41.3731667', '69.30521399999999', 1, 1, 'sum', 1, '2018-09-19 14:53:31', '2018-09-19 15:00:03', 0, 3, ''),
(146, 360000, 'info@itmaker.uz', '931880416', 0, 'Toshkent, Toshkent Shahri', '41.3731667', '69.30521399999999', 1, 0, 'sum', 1, '2018-09-19 15:12:50', '2018-09-19 15:12:50', 0, 2, ''),
(147, 360000, 'info@itmaker.uz', '931880416', 0, 'Toshkent, Toshkent Shahri', '41.3731667', '69.30521399999999', 1, 1, 'sum', 1, '2018-09-19 15:13:50', '2018-09-19 15:13:53', 0, 3, ''),
(148, 360000, 'info@itmaker.uz', '931880416', 0, 'Toshkent, Toshkent Shahri', '41.3731667', '69.30521399999999', 1, 1, 'sum', 1, '2018-09-19 15:14:47', '2018-09-19 15:14:51', 0, 3, ''),
(149, 360000, 'info@itmaker.uz', '931880416', 0, 'Toshkent, Toshkent Shahri', '41.3731667', '69.30521399999999', 1, 0, 'sum', 1, '2018-09-19 15:17:39', '2018-09-19 15:17:39', 0, 2, ''),
(150, 360000, 'info@itmaker.uz', '931880416', 0, 'Toshkent, Toshkent Shahri', '41.3731667', '69.30521399999999', 1, 1, 'sum', 1, '2018-09-19 15:31:45', '2018-09-19 15:33:49', 0, 3, ''),
(151, 360000, 'info@itmaker.uz', '931880416', 0, 'Toshkent, Toshkent Shahri', '41.3731667', '69.30521399999999', 1, 1, 'sum', 1, '2018-09-19 15:38:36', '2018-09-19 15:38:38', 0, 3, ''),
(152, 360000, 'info@itmaker.uz', '931880416', 0, 'Toshkent, Toshkent Shahri', '41.3731667', '69.30521399999999', 1, 1, 'sum', 1, '2018-09-19 15:39:12', '2018-09-19 15:39:14', 0, 3, ''),
(153, 360000, 'info@itmaker.uz', '931880416', 0, 'Toshkent, Toshkent Shahri', '41.3731667', '69.30521399999999', 1, 1, 'sum', 1, '2018-09-19 15:40:55', '2018-09-19 15:40:58', 0, 3, ''),
(154, 197750, 'info@itmaker.uz', '931880416', 0, 'Toshkent, Toshkent Shahri', '41.3731667', '69.30521399999999', 1, 0, 'sum', 1, '2018-09-19 15:53:12', '2018-09-19 15:53:12', 0, 2, ''),
(155, 197750, 'info@itmaker.uz', '906473594', 0, 'Toshkent, Toshkent Shahri', '41.3731667', '69.30521399999999', 1, 1, 'sum', 1, '2018-09-19 15:54:34', '2018-09-19 15:54:53', 0, 3, ''),
(156, 197750, 'nurmanovig@gmail.com', '906473594', 0, 'Toshkent, Toshkent Shahri', '41.3731667', '69.30521399999999', 1, 1, 'sum', 1, '2018-09-19 15:55:13', '2018-09-19 15:55:19', 0, 3, ''),
(157, 197750, 'info@itmaker.uz', '931880416', 0, 'Toshkent, Toshkent Shahri', '41.3731667', '69.30521399999999', 1, 1, 'sum', 1, '2018-09-19 15:55:46', '2018-09-19 15:56:33', 0, 3, ''),
(158, 197750, 'info@itmaker.uz', '931880416', 0, 'Toshkent, Toshkent Shahri', '41.3731667', '69.30521399999999', 1, 1, 'sum', 1, '2018-09-19 15:56:45', '2018-09-19 16:00:10', 0, 3, ''),
(159, 197750, 'info@itmaker.uz', '931880416', 0, 'Toshkent, Toshkent Shahri', '41.3731667', '69.30521399999999', 1, 1, 'sum', 1, '2018-09-19 16:00:24', '2018-09-19 16:07:55', 0, 3, ''),
(160, 197750, 'info@itmaker.uz', '931880416', 0, 'Toshkent, Toshkent Shahri', '41.3731667', '69.30521399999999', 1, 1, 'sum', 1, '2018-09-19 16:10:34', '2018-09-19 16:10:38', 0, 3, ''),
(161, 197750, 'info@itmaker.uz', '931880416', 0, 'Toshkent, Toshkent Shahri', '41.3731667', '69.30521399999999', 1, 1, 'sum', 1, '2018-09-19 16:12:05', '2018-09-19 16:16:57', 0, 3, ''),
(162, 197750, 'info@itmaker.uz', '931880416', 0, 'Toshkent, Toshkent Shahri', '41.3731667', '69.30521399999999', 1, 1, 'sum', 1, '2018-09-19 16:22:28', '2018-09-19 16:22:29', 0, 3, ''),
(163, 197750, 'info@itmaker.uz', '931880416', 0, 'Toshkent, Toshkent Shahri', '41.3732049', '69.3051485', 1, 1, 'sum', 1, '2018-09-19 22:39:15', '2018-09-19 22:41:59', 0, 3, ''),
(164, 197750, 'nurmanovig@gmail.com', '931880416', 0, 'Toshkent, Toshkent Shahri', '41.3732049', '69.3051485', 1, 0, 'sum', 1, '2018-09-19 22:45:01', '2018-09-19 22:45:01', 0, 2, ''),
(165, 197750, 'info@itmaker.uz', '931880416', 0, 'Toshkent, Toshkent Shahri', '41.3732049', '69.3051485', 1, 0, 'sum', 1, '2018-09-19 22:46:41', '2018-09-19 22:46:41', 0, 2, ''),
(166, 197750, 'info@itmaker.uz', '931880416', 0, 'Toshkent, Toshkent Shahri', '41.3732049', '69.3051485', 1, 0, 'sum', 1, '2018-09-19 22:47:34', '2018-09-19 22:47:34', 0, 2, ''),
(167, 197750, 'info@itmaker.uz', '931880416', 0, 'Toshkent, Toshkent Shahri', '41.3732049', '69.3051485', 1, 1, 'sum', 1, '2018-09-19 23:08:13', '2018-09-19 23:08:21', 0, 3, ''),
(168, 197750, 'info@itmaker.uz', '931880416', 0, 'Toshkent, Toshkent Shahri', '41.3732049', '69.3051485', 1, 0, 'sum', 1, '2018-09-19 23:08:46', '2018-09-19 23:08:46', 0, 2, ''),
(169, 197750, 'nurmanovig@gmail.com', '931880416', 0, 'Toshkent, Toshkent Shahri', '41.3732049', '69.3051485', 1, 1, 'sum', 1, '2018-09-19 23:09:30', '2018-09-19 23:09:35', 0, 3, ''),
(170, 197750, 'info@itmaker.uz', '931880416', 0, 'Toshkent, Toshkent Shahri', '41.3732049', '69.3051485', 1, 1, 'sum', 1, '2018-09-19 23:10:11', '2018-09-19 23:10:20', 0, 3, ''),
(171, 197750, 'info@itmaker.uz', '931880416', 0, 'Toshkent, Toshkent Shahri', '41.3732049', '69.3051485', 1, 1, 'sum', 1, '2018-09-19 23:11:20', '2018-09-19 23:11:56', 0, 3, ''),
(172, 197750, 'nurmanovig@gmail.com', '931880416', 0, 'Toshkent, Toshkent Shahri', '41.3732049', '69.3051485', 1, 1, 'sum', 1, '2018-09-19 23:12:59', '2018-09-19 23:13:05', 0, 2, ''),
(173, 197750, 'info@itmaker.uz', '931880416', 0, 'Toshkent, Toshkent Shahri', '41.3732049', '69.3051485', 1, 1, 'sum', 1, '2018-09-19 23:13:44', '2018-09-19 23:13:47', 0, 3, ''),
(174, 197750, 'info@itmaker.uz', '931880416', 0, 'Toshkent, Toshkent Shahri', '41.3732049', '69.3051485', 1, 0, 'sum', 1, '2018-09-19 23:14:39', '2018-09-19 23:14:39', 0, 2, ''),
(175, 197750, 'info@itmaker.uz', '931880416', 0, 'Toshkent, Toshkent Shahri', '41.3732049', '69.3051485', 1, 1, 'sum', 1, '2018-09-19 23:15:40', '2018-09-19 23:19:13', 0, 3, ''),
(176, 197750, 'info@itmaker.uz', '931880416', 0, 'Toshkent, Toshkent Shahri', '41.3732049', '69.3051485', 1, 1, 'sum', 1, '2018-09-19 23:20:26', '2018-09-19 23:20:46', 0, 3, ''),
(177, 197750, 'info@itmaker.uz', '931880416', 0, 'Toshkent, Toshkent Shahri', '41.3732049', '69.3051485', 1, 1, 'sum', 1, '2018-09-19 23:22:46', '2018-09-19 23:22:57', 0, 3, ''),
(178, 197750, 'info@itmaker.uz', '931880416', 0, 'Toshkent, Toshkent Shahri', '41.3732049', '69.3051485', 1, 1, 'sum', 1, '2018-09-19 23:24:01', '2018-09-19 23:24:10', 0, 2, ''),
(179, 197750, 'info@itmaker.uz', '931880416', 0, 'Toshkent, Toshkent Shahri', '41.3732049', '69.3051485', 1, 1, 'sum', 1, '2018-09-19 23:25:12', '2018-09-19 23:25:13', 0, 3, ''),
(180, 197750, 'info@itmaker.uz', '931880416', 0, 'Toshkent, Toshkent Shahri', '41.3732049', '69.3051485', 1, 1, 'sum', 1, '2018-09-19 23:25:40', '2018-09-19 23:25:43', 0, 3, ''),
(181, 197750, 'info@itmaker.uz', '931880416', 0, 'Toshkent, Toshkent Shahri', '41.3732049', '69.3051485', 1, 1, 'sum', 1, '2018-09-19 23:26:15', '2018-09-19 23:26:17', 0, 3, ''),
(182, 197750, 'nurmanovig@gmail.com', '931880416', 0, 'Toshkent, Toshkent Shahri', '41.3732049', '69.3051485', 1, 1, 'sum', 1, '2018-09-19 23:26:44', '2018-09-19 23:28:14', 0, 2, ''),
(183, 197750, 'info@itmaker.uz', '931880416', 0, 'Toshkent, Toshkent Shahri', '41.3732049', '69.3051485', 1, 1, 'sum', 1, '2018-09-19 23:28:51', '2018-09-19 23:28:53', 0, 2, ''),
(184, 197750, 'nurmanovig@gmail.com', '931880416', 0, 'Toshkent, Toshkent Shahri', '41.3732049', '69.3051485', 1, 1, 'sum', 1, '2018-09-19 23:29:14', '2018-09-19 23:29:15', 0, 2, ''),
(185, 197750, 'info@itmaker.uz', '931880416', 0, 'Toshkent, Toshkent Shahri', '41.3732049', '69.3051485', 1, 1, 'sum', 1, '2018-09-19 23:30:43', '2018-09-19 23:30:46', 0, 2, ''),
(186, 197750, 'info@itmaker.uz', '931880416', 0, 'Toshkent, Toshkent Shahri', '41.3732049', '69.3051485', 1, 1, 'sum', 1, '2018-09-19 23:31:13', '2018-09-19 23:31:22', 0, 2, ''),
(187, 197750, 'info@itmaker.uz', '931880416', 0, 'Toshkent, Toshkent Shahri', '41.3732049', '69.3051485', 1, 1, 'sum', 1, '2018-09-19 23:31:52', '2018-09-19 23:31:53', 0, 2, ''),
(188, 197750, 'info@itmaker.uz', '931880416', 0, 'Toshkent, Toshkent Shahri', '41.3732049', '69.3051485', 1, 1, 'sum', 1, '2018-09-19 23:32:26', '2018-09-19 23:32:27', 0, 2, ''),
(189, 197750, 'info@itmaker.uz', '931880416', 0, 'Toshkent, Toshkent Shahri', '41.3732049', '69.3051485', 1, 1, 'sum', 1, '2018-09-19 23:32:56', '2018-09-19 23:32:57', 0, 2, ''),
(190, 197750, 'info@itmaker.uz', '931880416', 0, 'Toshkent, Toshkent Shahri', '41.3732049', '69.3051485', 1, 1, 'sum', 1, '2018-09-19 23:35:41', '2018-09-19 23:35:43', 0, 2, ''),
(191, 197750, 'info@itmaker.uz', '931880416', 0, 'Toshkent, Toshkent Shahri', '41.3732049', '69.3051485', 1, 1, 'sum', 1, '2018-09-19 23:35:54', '2018-09-19 23:35:58', 0, 3, ''),
(192, 197750, 'info@itmaker.uz', '906473594', 0, 'Toshkent, Toshkent Shahri', '41.3732049', '69.3051485', 1, 1, 'sum', 1, '2018-09-19 23:36:16', '2018-09-19 23:36:18', 0, 3, ''),
(193, 197750, 'info@itmaker.uz', '906473594', 0, 'Toshkent, Toshkent Shahri', '41.3732049', '69.3051485', 1, 1, 'sum', 1, '2018-09-19 23:36:49', '2018-09-19 23:36:50', 0, 3, ''),
(194, 197750, 'info@itmaker.uz', '931880416', 0, 'Toshkent, Toshkent Shahri', '41.3732049', '69.3051485', 1, 1, 'sum', 1, '2018-09-19 23:38:42', '2018-09-19 23:38:43', 0, 3, ''),
(195, 197750, 'info@itmaker.uz', '931880416', 0, 'Toshkent, Toshkent Shahri', '41.3732049', '69.3051485', 1, 1, 'sum', 1, '2018-09-19 23:39:24', '2018-09-19 23:39:30', 0, 3, ''),
(196, 197750, 'info@itmaker.uz', '931880416', 0, 'Toshkent, Toshkent Shahri', '41.3732049', '69.3051485', 1, 1, 'sum', 1, '2018-09-19 23:40:35', '2018-09-19 23:40:37', 0, 3, ''),
(197, 197750, 'info@itmaker.uz', '931880416', 0, 'Toshkent, Toshkent Shahri', '41.3732049', '69.3051485', 1, 1, 'sum', 1, '2018-09-19 23:41:05', '2018-09-19 23:41:06', 0, 3, ''),
(198, 197750, 'nurmanovig@gmail.com', '931880416', 0, 'Toshkent, Toshkent Shahri', '41.3732049', '69.3051485', 1, 1, 'sum', 1, '2018-09-19 23:41:20', '2018-09-19 23:46:01', 0, 3, ''),
(199, 197750, 'info@itmaker.uz', '906473594', 0, 'Toshkent, Toshkent Shahri', '41.3732049', '69.3051485', 1, 1, 'sum', 1, '2018-09-19 23:46:11', '2018-09-19 23:48:21', 0, 3, ''),
(200, 197750, 'info@itmaker.uz', '931880416', 0, 'Toshkent, Toshkent Shahri', '41.3732049', '69.3051485', 1, 1, 'sum', 1, '2018-09-19 23:48:37', '2018-09-19 23:50:11', 0, 3, ''),
(201, 197750, 'info@itmaker.uz', '931880416', 0, 'Toshkent, Toshkent Shahri', '41.3732049', '69.3051485', 1, 1, 'sum', 1, '2018-09-19 23:51:07', '2018-09-19 23:52:06', 0, 3, ''),
(202, 197750, 'info@itmaker.uz', '931880416', 0, 'Toshkent, Toshkent Shahri', '41.3732049', '69.3051485', 1, 1, 'sum', 1, '2018-09-19 23:53:16', '2018-09-19 23:53:18', 0, 2, ''),
(203, 197750, 'info@itmaker.uz', '931880416', 0, 'Toshkent, Toshkent Shahri', '41.3732049', '69.3051485', 1, 1, 'sum', 1, '2018-09-19 23:53:51', '2018-09-19 23:53:53', 0, 2, ''),
(204, 197750, 'nurmanovig@gmail.com', '931880416', 0, 'Toshkent, Toshkent Shahri', '41.3732049', '69.3051485', 1, 1, 'sum', 1, '2018-09-19 23:54:27', '2018-09-19 23:54:28', 0, 3, ''),
(205, 197750, 'info@itmaker.uz', '931880416', 0, 'Toshkent, Toshkent Shahri', '41.3732049', '69.3051485', 1, 1, 'sum', 1, '2018-09-19 23:54:40', '2018-09-19 23:54:42', 0, 2, ''),
(206, 197750, 'info@itmaker.uz', '931880416', 0, 'Toshkent, Toshkent Shahri', '41.3732049', '69.3051485', 1, 1, 'sum', 1, '2018-09-20 00:00:43', '2018-09-20 00:00:45', 0, 2, ''),
(207, 446000, 'k0001988', '998903519004', 0, 'Bahodir Ko\'Chasi, Hamza, Toshkent, Toshkent Shahri', '41.2950539', '69.2429701', 1, 1, 'sum', 1, '2018-09-20 07:28:36', '2018-09-20 07:28:52', 0, 3, ''),
(208, 360000, 'Dilya Alimova', '998946347703', 0, 'Oybek ko\'chasi, Hamza, Toshkent, Toshkent Shahri', '41.29664684295268', '69.27473192466927', 1, 0, 'sum', 1, '2018-09-20 07:47:41', '2018-09-20 07:47:41', 34, 2, ''),
(209, 446000, 'Dilya Alimova', '998946347703', 0, 'Bahodir Ko\'Chasi, Hamza, Toshkent, Toshkent Shahri', '41.2950647', '69.2430297', 1, 0, 'sum', 1, '2018-09-20 10:20:07', '2018-09-20 10:20:07', 34, 2, ''),
(210, 197750, 'Dilya Alimova', '998946347703', 0, 'Bahodir Ko\'Chasi, Hamza, Toshkent, Toshkent Shahri', '41.2950647', '69.2430297', 1, 0, 'sum', 1, '2018-09-20 11:26:38', '2018-09-20 11:26:38', 34, 2, '');

-- --------------------------------------------------------

--
-- Структура таблицы `order_product`
--

CREATE TABLE `order_product` (
  `id` bigint(20) NOT NULL,
  `order_id` bigint(20) DEFAULT NULL,
  `product_id` bigint(20) NOT NULL,
  `status` tinyint(4) NOT NULL DEFAULT '1',
  `price` int(11) NOT NULL DEFAULT '0',
  `count` int(11) NOT NULL,
  `size_product` int(11) DEFAULT NULL,
  `sale` int(11) NOT NULL DEFAULT '0'
) ENGINE=InnoDB DEFAULT CHARSET=utf8 COLLATE=utf8_unicode_ci;

--
-- Дамп данных таблицы `order_product`
--

INSERT INTO `order_product` (`id`, `order_id`, `product_id`, `status`, `price`, `count`, `size_product`, `sale`) VALUES
(1, NULL, 48, 1, 107200, 1, 5, 26800),
(2, NULL, 55, 1, 275000, 1, 49, 0),
(3, NULL, 48, 1, 107200, 1, 5, 26800),
(4, NULL, 48, 1, 107200, 1, 5, 26800),
(8, NULL, 48, 1, 107200, 1, 5, 26800),
(9, NULL, 50, 1, 360800, 1, 51, 90200),
(10, NULL, 50, 1, 360800, 1, 51, 90200),
(11, NULL, 50, 1, 360800, 1, 51, 90200),
(12, NULL, 50, 1, 360800, 1, 51, 90200),
(13, NULL, 50, 1, 360800, 1, 50, 90200),
(14, NULL, 50, 1, 360800, 1, 50, 90200),
(15, NULL, 50, 1, 360800, 1, 50, 90200),
(16, NULL, 50, 1, 360800, 1, 50, 90200),
(17, NULL, 50, 1, 360800, 1, 50, 90200),
(18, NULL, 39, 1, 182750, 2, 5, 32250),
(19, NULL, 39, 1, 182750, 2, 5, 32250),
(20, NULL, 39, 1, 182750, 2, 5, 32250),
(21, NULL, 39, 1, 182750, 2, 5, 32250),
(22, NULL, 39, 1, 182750, 2, 5, 32250),
(23, NULL, 39, 1, 182750, 2, 5, 32250),
(24, NULL, 39, 1, 182750, 2, 5, 32250),
(25, NULL, 39, 1, 182750, 2, 5, 32250),
(26, NULL, 39, 1, 182750, 2, 5, 32250),
(27, NULL, 39, 1, 182750, 2, 5, 32250),
(28, NULL, 48, 1, 107200, 1, 5, 26800),
(29, NULL, 50, 1, 360800, 1, 50, 90200),
(30, NULL, 50, 1, 360800, 1, 50, 90200),
(31, NULL, 50, 1, 360800, 1, 50, 90200),
(32, NULL, 46, 1, 445000, 1, 6, 0),
(33, NULL, 50, 1, 360800, 1, 50, 90200),
(34, NULL, 50, 1, 360800, 1, 50, 90200),
(35, NULL, 50, 1, 360800, 1, 50, 90200),
(36, NULL, 50, 1, 360800, 1, 50, 90200),
(37, NULL, 50, 1, 360800, 1, 50, 90200),
(38, NULL, 50, 1, 360800, 1, 50, 90200),
(39, NULL, 50, 1, 360800, 1, 50, 90200),
(40, NULL, 50, 1, 360800, 1, 50, 90200),
(41, NULL, 50, 1, 360800, 1, 50, 90200),
(42, NULL, 50, 1, 360800, 1, 50, 90200),
(43, NULL, 50, 1, 360800, 1, 50, 90200),
(111, 103, 39, 1, 182750, 8, 6, 32250),
(112, 103, 39, 1, 155338, 3, 7, 27412),
(113, 103, 48, 1, 107200, 1, 6, 26800),
(114, 103, 48, 1, 85760, 4, 7, 21440),
(115, 103, 38, 1, 222000, 1, 6, 0),
(116, 105, 39, 1, 182750, 4, 6, 32250),
(117, 105, 39, 1, 155338, 1, 7, 27412),
(118, 106, 53, 1, 431000, 2, 6, 0),
(119, 107, 50, 1, 360800, 1, 50, 90200),
(120, 108, 48, 1, 107200, 1, 5, 26800),
(121, 109, 44, 1, 678000, 1, 55, 0),
(122, 110, 50, 1, 360800, 1, 50, 90200),
(123, 111, 39, 1, 182750, 1, 5, 32250),
(124, 112, 39, 1, 182750, 1, 5, 32250),
(125, 113, 39, 1, 182750, 1, 5, 32250),
(126, 114, 39, 1, 182750, 1, 5, 32250),
(127, 115, 39, 1, 182750, 1, 5, 32250),
(128, 116, 39, 1, 182750, 1, 5, 32250),
(129, 117, 39, 1, 182750, 1, 5, 32250),
(130, 118, 39, 1, 182750, 1, 5, 32250),
(131, 119, 39, 1, 182750, 1, 5, 32250),
(132, 120, 39, 1, 182750, 1, 5, 32250),
(133, 121, 39, 1, 182750, 1, 5, 32250),
(134, 122, 39, 1, 182750, 1, 5, 32250),
(135, 123, 39, 1, 182750, 1, 5, 32250),
(136, 124, 39, 1, 182750, 1, 5, 32250),
(137, 125, 39, 1, 182750, 1, 5, 32250),
(138, 126, 39, 1, 182750, 1, 5, 32250),
(139, 127, 39, 1, 182750, 1, 5, 32250),
(140, 128, 39, 1, 182750, 1, 5, 32250),
(141, 129, 39, 1, 182750, 1, 5, 32250),
(142, 130, 39, 1, 182750, 1, 5, 32250),
(143, 131, 39, 1, 182750, 1, 5, 32250),
(144, 132, 39, 1, 182750, 1, 6, 32250),
(145, 133, 39, 1, 182750, 1, 6, 32250),
(146, 134, 39, 1, 182750, 1, 6, 32250),
(150, 138, 32, 1, 345000, 1, 50, 0),
(151, 139, 32, 1, 345000, 1, 50, 0),
(152, 140, 32, 1, 345000, 1, 50, 0),
(153, 141, 32, 1, 345000, 1, 50, 0),
(154, 142, 32, 1, 345000, 1, 50, 0),
(155, 143, 32, 1, 345000, 1, 50, 0),
(156, 144, 32, 1, 345000, 1, 50, 0),
(157, 145, 32, 1, 345000, 1, 50, 0),
(158, 146, 32, 1, 345000, 1, 50, 0),
(159, 147, 32, 1, 345000, 1, 50, 0),
(160, 148, 32, 1, 345000, 1, 50, 0),
(161, 149, 32, 1, 345000, 1, 50, 0),
(162, 150, 32, 1, 345000, 1, 50, 0),
(163, 151, 32, 1, 345000, 1, 50, 0),
(164, 152, 32, 1, 345000, 1, 50, 0),
(165, 153, 32, 1, 345000, 1, 50, 0),
(166, 154, 39, 1, 182750, 1, 6, 32250),
(167, 155, 39, 1, 182750, 1, 6, 32250),
(168, 156, 39, 1, 182750, 1, 6, 32250),
(169, 157, 39, 1, 182750, 1, 6, 32250),
(170, 158, 39, 1, 182750, 1, 6, 32250),
(171, 159, 39, 1, 182750, 1, 6, 32250),
(172, 160, 39, 1, 182750, 1, 6, 32250),
(173, 161, 39, 1, 182750, 1, 6, 32250),
(174, 162, 39, 1, 182750, 1, 6, 32250),
(175, 163, 39, 1, 182750, 1, 5, 32250),
(176, 164, 39, 1, 182750, 1, 5, 32250),
(177, 165, 39, 1, 182750, 1, 5, 32250),
(178, 166, 39, 1, 182750, 1, 5, 32250),
(179, 167, 39, 1, 182750, 1, 5, 32250),
(180, 168, 39, 1, 182750, 1, 5, 32250),
(181, 169, 39, 1, 182750, 1, 5, 32250),
(182, 170, 39, 1, 182750, 1, 5, 32250),
(183, 171, 39, 1, 182750, 1, 5, 32250),
(184, 172, 39, 1, 182750, 1, 5, 32250),
(185, 173, 39, 1, 182750, 1, 5, 32250),
(186, 174, 39, 1, 182750, 1, 5, 32250),
(187, 175, 39, 1, 182750, 1, 5, 32250),
(188, 176, 39, 1, 182750, 1, 5, 32250),
(189, 177, 39, 1, 182750, 1, 5, 32250),
(190, 178, 39, 1, 182750, 1, 5, 32250),
(191, 179, 39, 1, 182750, 1, 5, 32250),
(192, 180, 39, 1, 182750, 1, 5, 32250),
(193, 181, 39, 1, 182750, 1, 5, 32250),
(194, 182, 39, 1, 182750, 1, 5, 32250),
(195, 183, 39, 1, 182750, 1, 5, 32250),
(196, 184, 39, 1, 182750, 1, 5, 32250),
(197, 185, 39, 1, 182750, 1, 5, 32250),
(198, 186, 39, 1, 182750, 1, 5, 32250),
(199, 187, 39, 1, 182750, 1, 5, 32250),
(200, 188, 39, 1, 182750, 1, 5, 32250),
(201, 189, 39, 1, 182750, 1, 5, 32250),
(202, 190, 39, 1, 182750, 1, 5, 32250),
(203, 191, 39, 1, 182750, 1, 5, 32250),
(204, 192, 39, 1, 182750, 1, 5, 32250),
(205, 193, 39, 1, 182750, 1, 5, 32250),
(206, 194, 39, 1, 182750, 1, 5, 32250),
(207, 195, 39, 1, 182750, 1, 5, 32250),
(208, 196, 39, 1, 182750, 1, 5, 32250),
(209, 197, 39, 1, 182750, 1, 5, 32250),
(210, 198, 39, 1, 182750, 1, 5, 32250),
(211, 199, 39, 1, 182750, 1, 5, 32250),
(212, 200, 39, 1, 182750, 1, 5, 32250),
(213, 201, 39, 1, 182750, 1, 5, 32250),
(214, 202, 39, 1, 182750, 1, 5, 32250),
(215, 203, 39, 1, 182750, 1, 6, 32250),
(216, 204, 39, 1, 182750, 1, 5, 32250),
(217, 205, 39, 1, 182750, 1, 5, 32250),
(218, 206, 39, 1, 182750, 1, 5, 32250),
(219, 207, 53, 1, 431000, 1, 6, 0),
(220, 208, 31, 1, 345000, 1, 49, 0),
(221, 209, 53, 1, 431000, 1, 6, 0),
(222, 210, 39, 1, 182750, 1, 5, 32250);

-- --------------------------------------------------------

--
-- Структура таблицы `pages`
--

CREATE TABLE `pages` (
  `id` int(10) UNSIGNED NOT NULL,
  `title_ru` varchar(255) COLLATE utf8_unicode_ci NOT NULL,
  `title_uz` varchar(255) COLLATE utf8_unicode_ci NOT NULL,
  `description_ru` text COLLATE utf8_unicode_ci NOT NULL,
  `description_uz` text COLLATE utf8_unicode_ci NOT NULL,
  `meta_description_uz` text COLLATE utf8_unicode_ci NOT NULL,
  `meta_description_ru` text COLLATE utf8_unicode_ci NOT NULL,
  `meta_keywords_ru` text COLLATE utf8_unicode_ci NOT NULL,
  `meta_keywords_uz` text COLLATE utf8_unicode_ci NOT NULL,
  `alias` varchar(255) COLLATE utf8_unicode_ci NOT NULL,
  `created_at` timestamp NULL DEFAULT NULL,
  `updated_at` timestamp NULL DEFAULT NULL
) ENGINE=InnoDB DEFAULT CHARSET=utf8 COLLATE=utf8_unicode_ci;

--
-- Дамп данных таблицы `pages`
--

INSERT INTO `pages` (`id`, `title_ru`, `title_uz`, `description_ru`, `description_uz`, `meta_description_uz`, `meta_description_ru`, `meta_keywords_ru`, `meta_keywords_uz`, `alias`, `created_at`, `updated_at`) VALUES
(4, 'Пользовательское соглашение', '', '<h3><strong>Пользовательское соглашение</strong></h3><p>Пользовательское соглашение Osto.uz</p><p><strong>ОБЩИЕ УСЛОВИЯ</strong></p><p>Настоящее Пользовательское соглашение (далее &mdash; СОГЛАШЕНИЕ) устанавливает правила использования Интернет - сайта&nbsp;<a href=\"http://www.bozorga.uz/\"><strong>www.osto.uz</strong></a>&nbsp;&nbsp;<br /> <br /> Став ПОЛЬЗОВАТЕЛЕМ САЙТА, вы добровольно принимаете данное пользовательское соглашение (далее СОГЛАШЕНИЕ).&nbsp;<br /> В случае несогласия с любым из пунктов соглашения запрещается использование САЙТА.&nbsp;<br /> <br /> Администрация САЙТА оставляет за собой право вносить изменения в содержание данного СОГЛАШЕНИЯ в любое время без какого-либо специального уведомления. Новая редакция СОГЛАШЕНИЯ вступает в силу с момента ее публикации на САЙТЕ.</p><p><strong>ТЕРМИНЫ И ОПРЕДЕЛЕНИЯ</strong></p><p><strong>САЙТ</strong>&nbsp;- открытый для общего пользования Интернет-ресурс, размещенный ВЛАДЕЛЬЦЕМ в сети по адресу:&nbsp;<a href=\"http://www.bozorga.uz/\"><strong>www.osto.uz</strong></a>&nbsp;&nbsp;</p><p><strong>УЧЕТНАЯ ЗАПИСЬ</strong>&nbsp;&ndash; это специальная страница создаваемая ПОЛЬЗОВАТЕЛЕМ на платформе САЙТА предназначенная для отображения опубликованной информации ПОЛЬЗОВАТЕЛЕМ. УЧЕТНАЯ ЗАПИСЬ является открытой страницей и опубликованная на нем информация является доступной для всех его пользователей, без каких либо ограничений.&nbsp;<br /> <br /> <strong>ПОЛЬЗОВАТЕЛЬ САЙТА</strong>&nbsp;&ndash; это любой пользователь САЙТА, прошедший регистрацию на САЙТЕ в целях создания собственной учетной записи на платформе САЙТА и опубликовавший на нем свои товары и услуги в целях их продаж. Также пользователем является любой посетитель, воспользовавшийся информацией опубликованной на САЙТЕ в целях дальнейшей их приобретения.<br /> <br /> Моментом принятия условий настоящего СОГЛАШЕНИЯ считается регистрация ПОЛЬЗОВАТЕЛЯ на САЙТЕ в целях публикации своих товаров и услуг или иные действия в целях покупки товаров или услуг опубликованные на САЙТЕ или на УЧЕТНОЙ ЗАПИСИ (отправка заказа, написание письма, звонок по указанному номеру телефона ПОЛЬЗОВАТЕЛЮ и другие).&nbsp;<br /> <br /> <strong>ЛИЧНЫЙ КАБИНЕТ</strong>&nbsp;&mdash; это специальный раздел САЙТА доступный только соответствующему ПОЛЬЗОВАТЕЛЮ. Через ЛИЧНЫЙ КАБИНЕТ осуществляется общее управление публикуемой на учетной записи информации ПОЛЬЗОВАТЕЛЯ.&nbsp;</p><p><strong>ВОЗМОЖНОСТИ САЙТА</strong></p><p>САЙТ представляет собой открытый для общего пользования Интернет-ресурс, где любой ПОЛЬЗОВАТЕЛЬ имеет возможность пройти регистрацию в целях продажи своих товаров и услуг. Также любой ПОЛЬЗОВАТЕЛЬ сайта может воспользоваться информацией опубликованной на САЙТЕ и в УЧЕТНОЙ ЗАПИСИ в целях дальнейшей их приобретения.&nbsp;<br /> <br /> Администрация САЙТА оставляет за собой право в любое время без какого-либо специального уведомления вносить изменения в перечень доступных функций.</p><p><strong>ОГРАНИЧЕНИЕ ОТВЕТСТВЕННОСТИ</strong></p><p>САЙТ не является организатором сделки или ее стороной, а является торговой коммуникационной платформой, которая предоставляет возможность одним ПОЛЬЗОВАТЕЛЯМ размещать в целях продажи незапрещенные законом товары и услуги, а также приобретать товары и услуги, опубликованные на САЙТЕ.<br /> <br /> Администрация САЙТА не публикует на САЙТЕ информацию о товарах и услугах в целях их дальнейшей реализации. Администрация САЙТА не обязывает ПОЛЬЗОВАТЕЛЕЙ приобретать или использовать опубликованные на САЙТЕ товары или услуги.&nbsp;<br /> <br /> Ответственность за принятие решения или совершение какого-либо действия в приобретении товаров, или размещении информации о товарах и услугах на САЙТЕ, несет только сам ПОЛЬЗОВАТЕЛЬ.&nbsp;<br /> <br /> <em>Администрация САЙТА, не несет ответственности</em></p><ul><li>за содержание и достоверность информации опубликованной или предоставленной ПОЛЬЗОВАТЕЛЕМ,</li><li>за качество, безопасность, легальность услуг и товаров, рекламируемых, купленных или полученных вследствие использования рекламной информации содержащейся на САЙТЕ, их возможное несоответствие общепринятым стандартам или ожиданиям ПОЛЬЗОВАТЕЛЯ,</li><li>за последствия использования полученной ПОЛЬЗОВАТЕЛЕМ информации или за последствия размещения ПОЛЬЗОВАТЕЛЕМ принадлежащей ему информации.</li><li>за прямой или косвенный ущерб, причиненный ПОЛЬЗОВАТЕЛЮ, а также любые материальные или нематериальные убытки, причиненные в результате использования или невозможности использования материалов САЙТА. Всю ответственность за содержание и достоверность предложений, а также за прямой или косвенный ущерб в результате использования размещенной на сайте информации, несет ПОЛЬЗОВАТЕЛЬ, опубликовавший соответствующее предложение. Все споры и конфликты между ПОЛЬЗОВАТЕЛЯМИ решаются ими самостоятельно без привлечения представителей САЙТА.</li><li>за использование (как правомерное, так и неправомерное) информации третьими лицами, размещенной на САЙТЕ, включая их воспроизведение и распространение, осуществленные как в рамках САЙТА, так и иными возможными способами.</li><li>за неисполнение или затруднение в исполнении обязательств по предоставлению доступа к САЙТУ в силу непредвиденных обстоятельств, последствий которых невозможно избежать или преодолеть (таких как решения властей, трудовые споры, несчастные случаи, обрывы в общей системе коммуникаций, за неполадки в работе САЙТА, вызванные техническими перебоями в работе оборудования и программного обеспечения и т.д.).</li></ul><p><em>Администрация САЙТА, не гарантирует:</em></p><ul><li>сохранность УЧЕТНОЙ ЗАПИСИ ПОЛЬЗОВАТЕЛЯ и размещенной в ней информации,</li><li>отсутствие ошибок и сбоев, в том числе в работе программного обеспечения. Однако, администрация САЙТА предпримет все усилия для устранения каких-либо сбоев и ошибок, в случае их возникновения, в максимально короткие сроки.</li><li>того, что услуги будут соответствовать Вашим требованиям, предоставляться непрерывно и безошибочно.</li><li>что качество товаров, услуг или информации, приобретенной или полученной с помощью САЙТА, будет соответствовать вашим ожиданиям и/или требованиям.</li></ul><p><strong>ПУБЛИКАЦИЯ ИНФОРМАЦИИ НА САЙТЕ</strong></p><p>Размещение информации на САЙТЕ должно происходить в полном соответствии с&nbsp;Правилами размещения информации на сайте Osto.uz.&nbsp;<br /> <br /> Администрация САЙТА не осуществляет обязательную проверку всей размещаемой ПОЛЬЗОВАТЕЛЕМ информации. Проверка осуществляется выборочно и по усмотрению администрации.&nbsp;<br /> <br /> Администрация САЙТА сохраняет за собой право отказать в публикации размещенной пользователем информации, если опубликованная информация не соответствует&nbsp;Правилами размещения информации на сайте Osto.uz. При этом информация не будет опубликована как в УЧЕТНОЙ ЗАПИСИ ПРОДАВЦА, так и в соответствующих разделах САЙТА.</p><p><strong>КОНФЕДЕНЦИАЛЬНОСТЬ</strong></p><p>Вся информация, опубликованная в УЧЕТНЫХ ЗАПИСЯХ отображающаяся в соответствующих разделах САЙТА, является общедоступной, за исключением&nbsp;<br /> <br /> e-mail адреса и пароля для доступа к личному кабинету ПРОДАВЦА.&nbsp;<br /> <br /> Администрация САЙТА обязуется не передавать электронные адреса ПОЛЬЗОВАТЕЛЕЙ третьей стороне, за исключением случаев грубого нарушения ПОЛЬЗОВАТЕЛЕМ условий настоящего соглашения, когда администрация САЙТА оставляет за собой право передать личные данные ПОЛЬЗОВАТЕЛЯ пострадавшей стороне и/или правоохранительным органам.&nbsp;<br /> <br /> Администрация САЙТА также оставляет за собой возможность использовать персональную информацию пользователей анонимно и в обобщенном виде для собственных статистических и маркетинговых целей, а также для оповещения пользователей о порядке предоставления услуг.&nbsp;<br /> <br /> Администрация САЙТА не несет ответственности за возможное нецелевое использование персональной информации пользователей, произошедшее из-за:</p><ul><li>передачи пользователями своих уникальных идентификационных данных для доступа на защищенные страницы сайта, лицам, не имеющим право такого доступа.</li><li>нецелевого использования информации с САЙТА зарегистрированными ПОЛЬЗОВАТЕЛЯМИ или иными лицами и/или организациями, которые произошли при нарушении ими условий настоящего СОГЛАШЕНИЯ.</li></ul><p><strong>ПРАВА И ОБЯЗАННОСТИ</strong></p><p><em>Администрация САЙТА обязуется:</em></p><ul><li>Прилагать все усилия для должного исполнения своих обязанностей по настоящему соглашению, включая нормальную работу сервисов САЙТА и нераспространение персональных данных, предоставленных Пользователем</li></ul><p><em>Администрация САЙТА имеет право:</em></p><ul><li>Производить обязательную проверку (модерацию) каждого предложения перед публикацией в каталоге САЙТА на тему их соответствия установленным правилам САЙТА.</li><li>Редактировать или отказать в публикации опубликованной ПОЛЬЗОВАТЕЛЕМ информации (товары, услуги, новости, статьи и т.д.) без объяснения причины, если информация не соответствует&nbsp;Правилами размещения информации на сайте Osto.uz, а также, если она противоречит законам Республики Узбекистан или оскорбляет общественную нравственность.</li><li>При неоднократном нарушении ПОЛЬЗОВАТЕЛЕМ условий настоящего Соглашения Администрация САЙТА оставляет за собой право в любой момент заблокировать, а также удалить УЧЕТНУЮ ЗАПИСЬ, а также всю его опубликованную информацию. При этом уведомление ПОЛЬЗОВАТЕЛЯ о таких мерах, Администрация САЙТА оставляет на свое усмотрение, не неся при этом ответственность за свои действия перед ПОЛЬЗОВАТЕЛЕМ и третьими лицами.</li><li>Неоднократным нарушителем считается ПОЛЬЗОВАТЕЛЬ, два или более раз оповещенный администрацией САЙТА о ведении деятельности, нарушающего правила САЙТА и права третьих лиц.</li><li>УЧЕТНЫЕ ЗАПИСИ также могут быть удалены или заблокированы администрацией САЙТА без предупреждения, в случае:<ul><li>получения, обязательных для исполнения решений регулирующих органов Республики Узбекистан.</li><li>требований правообладателя, вследствие нарушения авторских и (или) смежных прав пользователем САЙТА</li><li>иного нарушения прав или законных интересов других пользователей САЙТА, юридических и физических лиц по их мотивированному обращению.</li><li>обнаружения информации, которая запрещена к размещению на сайте в соответствии с данным соглашением и&nbsp;Правилами размещения информации на сайте Osto.uz</li></ul></li><li>В любое время, по своему усмотрению, вносить изменения в условия пользования функционалом САЙТА с уведомлением ПОЛЬЗОВАТЕЛЯ или без него, не неся при этом материальную и (или) нематериальную ответственность за подобные изменения или прекращения.</li><li>В любой момент прекратить работу сервисов САЙТА или их части с уведомлением ПОЛЬЗОВАТЕЛЕЙ или без него, не неся при этом материальную и нематериальную ответственность за подобные изменения или прекращения.</li><li>Передать САЙТ со всеми его сервисами и содержанием, включая личную информацию ПОЛЬЗОВАТЕЛЕЙ своему правопреемнику по договорам или иным основаниям. Уведомление ПОЛЬЗОВАТЕЛЕЙ о такой передаче осуществляется по усмотрению администрации САЙТА.</li></ul><p><em>ПОЛЬЗОВАТЕЛЬ имеет право</em></p><ul><li>Пользоваться опубликованной на САЙТЕ или в УЧЕТНЫХ ЗАПИСЯХ информацией, в целях изучения и (или) приобретения.</li><li>Совершать действия в целях покупки товаров или услуг, опубликованных на САЙТЕ или в УЧЕТНОЙ ЗАПИСИ (отправка заказа, отправка письма, звонок по указанному номеру телефона ПОЛЬЗОВАТЕЛЮ и другие)</li><li>Создать УЧЕТНУЮ ЗАПИСЬ на САЙТЕ. Для этого ПОЛЬЗОВАТЕЛЬ должен пройти процедуру регистрации.</li><li>Получить доступ к ЛИЧНОМУ КАБИНЕТУ и к соответствующим функциями и возможностям, которые являются доступными на момент регистрации.</li><li>Размещать информацию о своих предложениях (товары, услуги), а также информацию касательно компании, которую он представляет.</li><li>Редактировать или удалять ранее опубликованную информацию.</li><li>Отправлять сообщения другим пользователям.</li><li>Направлять жалобы по вопросам работы САЙТА по электронному адресу</li></ul><p><em>ПОЛЬЗОВАТЕЛЬ обязуется:</em></p><ul><li>Не передавать или продавать свои данные для входа в систему САЙТА третьим лицам. ПОЛЬЗОВАТЕЛЬ также не имеет права прямо или косвенно разрешать третьим лицам использовать его электронный адрес и пароль.</li><li>Немедленно изменить данные для входа в систему, если у него есть причины подозревать, что эти данные были раскрыты или могут быть использованы третьими лицами.</li><li>Не размещать на своей УЧЕТНОЙ ЗАПИСИ информацию, которая может быть противозаконной, угрожающей, оскорбительной, клеветнической, заведомо ложной, недостоверной, грубой, непристойной, вредить другим посетителям УЧЕТНОЙ ЗАПИСИ и САЙТА, нарушать их права и законные интересы.</li><li>Не осуществлять рассылку информации другим ПОЛЬЗОВАТЕЛЯМ САЙТА, в виде электронных писем рекламного, коммерческого или агитационного характера, а также писем, содержащих грубые и оскорбительные выражения и предложения.</li><li>Не предпринимать никаких действий, которые могут привести к непропорционально большой нагрузке на инфраструктуру САЙТА;</li><li>Не создавать помехи в использовании САЙТА другим пользователям, посредством распространения компьютерных вирусов, порчи данных, постоянной рассылки повторяющейся информации, одновременной отправки большого количества электронной почты и/или запросов к САЙТУ с целью намеренно вывести сервер САЙТА из строя. Не осуществлять прочие действия выходящие за рамки нормального целевого использования САЙТА, которые могут умышленно или по неосторожности повлечь за собой сбои в его работе.</li><li>Не копировать, воспроизводить, изменять, распространять и представлять общественности любую информацию, содержащуюся на САЙТЕ (кроме Сведений, предоставленных самим ПОЛЬЗОВАТЕЛЕМ) без предварительного письменного разрешения Администрации САЙТА.</li><li>Не препятствовать и не пытаться препятствовать работе и другой деятельности на САЙТЕ, действию автоматических систем или процессов, других мероприятий, с целью ограничить доступ на САЙТ</li></ul>', '', '', '', '', '', 'polzovatelskoe-soglashenie', '2018-09-05 07:38:42', '2018-09-05 07:38:42'),
(5, 'О нас', '', '<div style=\"width:1120px\">\r\n<p style=\"margin-left:0cm; margin-right:0cm\"><img alt=\"\" src=\"https://osto.uz/photos/34/O nas.jpg\" style=\"width:1120px\" /></p>\r\n\r\n<p style=\"margin-left:0cm; margin-right:0cm\">&nbsp;</p>\r\n\r\n<div>\r\n<p style=\"margin-left:0cm; margin-right:0cm; text-align:center\"><span style=\"font-size:16px\"><big><span style=\"color:#8e44ad\"><em><span style=\"font-family:Muller,sans-serif\">&nbsp; &nbsp; &nbsp; Мы представляем Вам уникальный и инновационный проект на узбекском рынке, OSTO. Данный продукт&nbsp; &nbsp; &nbsp; &nbsp; &nbsp; является результатом долгой и кропотливой работы нашей команды. Целью является выведение традиционных для нашего народа базаров и иных путей реализации товаров на существенно новый уровень!</span></em></span></big></span></p>\r\n</div>\r\n\r\n<p style=\"margin-left:0cm; margin-right:0cm; text-align:center\">&nbsp;</p>\r\n\r\n<p style=\"margin-left:0cm; margin-right:0cm\"><span style=\"font-size:22px\"><span style=\"font-family:Muller,sans-serif\"><strong><span style=\"color:#232323\">Итак, что же такое Osto.uz?</span></strong><strong>&nbsp;</strong></span></span></p>\r\n\r\n<p style=\"margin-left:0cm; margin-right:0cm\"><span style=\"font-size:16px\"><span style=\"font-family:Muller,sans-serif\"><span style=\"color:#232323\">Это веб сайт на котором продавцы и владельцы различных товаров имеют возможность открыть свой магазин, который будет доступен к просмотру миллионам покупателей ищущих необходимый им товар в интернете.</span></span></span></p>\r\n\r\n<p style=\"margin-left:0cm; margin-right:0cm\">&nbsp;</p>\r\n\r\n<p style=\"margin-left:0cm; margin-right:0cm\"><span style=\"font-size:22px\"><span style=\"font-family:Muller,sans-serif\"><strong><span style=\"color:#232323\">Для чего это нужно?</span></strong></span></span></p>\r\n\r\n<p style=\"margin-left:0cm; margin-right:0cm\"><span style=\"font-size:16px\"><span style=\"font-family:Muller,sans-serif\"><span style=\"color:#232323\">Для того чтобы потребители могли:</span></span></span></p>\r\n\r\n<p style=\"margin-left:0cm; margin-right:0cm\"><span style=\"font-size:16px\"><span style=\"font-family:Muller,sans-serif\"><span style=\"color:#232323\">- найти одежду и аксессуары, которые искали</span></span></span></p>\r\n\r\n<p style=\"margin-left:0cm; margin-right:0cm\"><span style=\"font-size:16px\"><span style=\"font-family:Muller,sans-serif\"><span style=\"color:#232323\">- сидя дома совершать покупки</span></span></span></p>\r\n\r\n<p style=\"margin-left:0cm; margin-right:0cm\"><span style=\"font-size:16px\"><span style=\"font-family:Muller,sans-serif\"><span style=\"color:#232323\">- быстро заказать и получить в течении 3 дней</span></span></span></p>\r\n\r\n<p style=\"margin-left:0cm; margin-right:0cm\"><span style=\"font-size:16px\"><span style=\"font-family:Muller,sans-serif\"><span style=\"color:#232323\">- сравнить цены, размеры и качество товаров</span></span></span></p>\r\n\r\n<p style=\"margin-left:0cm; margin-right:0cm\"><span style=\"font-size:16px\"><span style=\"font-family:Muller,sans-serif\"><span style=\"color:#232323\">- получить информацию о магазине </span></span></span></p>\r\n\r\n<p style=\"margin-left:0cm; margin-right:0cm\"><span style=\"font-size:16px\"><span style=\"font-family:Muller,sans-serif\"><span style=\"color:#232323\">- связаться с продавцом магазина</span></span></span></p>\r\n\r\n<p style=\"margin-left:0cm; margin-right:0cm\"><span style=\"font-size:16px\"><span style=\"font-family:Muller,sans-serif\"><span style=\"color:#232323\">- следить за товарами со скидкой</span></span></span></p>\r\n\r\n<p style=\"margin-left:0in; margin-right:0in\"><span style=\"font-size:11pt\"><span style=\"font-family:Calibri,sans-serif\"><strong><span style=\"font-size:18.0pt\"><span style=\"font-family:&quot;Calibri Light&quot;,&quot;sans-serif&quot;\">Наш покупатели </span></span></strong><span style=\"font-size:18.0pt\"><span style=\"font-family:&quot;Calibri Light&quot;,&quot;sans-serif&quot;\">Могут:</span></span></span></span></p>\r\n\r\n<p style=\"margin-left:0in; margin-right:0in\"><span style=\"font-size:11pt\"><span style=\"font-family:Calibri,sans-serif\"><span style=\"font-size:12.0pt\"><span style=\"font-family:&quot;Arial&quot;,&quot;sans-serif&quot;\"><span style=\"color:#232323\">- найти одежду и аксессуары, которые искали</span></span></span></span></span></p>\r\n\r\n<p style=\"margin-left:0in; margin-right:0in\"><span style=\"font-size:11pt\"><span style=\"font-family:Calibri,sans-serif\"><span style=\"font-size:12.0pt\"><span style=\"font-family:&quot;Arial&quot;,&quot;sans-serif&quot;\"><span style=\"color:#232323\">- сидя дома совершать покупки</span></span></span></span></span></p>\r\n\r\n<p style=\"margin-left:0in; margin-right:0in\"><span style=\"font-size:11pt\"><span style=\"font-family:Calibri,sans-serif\"><span style=\"font-size:12.0pt\"><span style=\"font-family:&quot;Arial&quot;,&quot;sans-serif&quot;\"><span style=\"color:#232323\">- быстро заказать и получить заказ в течении 3 дней</span></span></span></span></span></p>\r\n\r\n<p style=\"margin-left:0in; margin-right:0in\"><span style=\"font-size:11pt\"><span style=\"font-family:Calibri,sans-serif\"><span style=\"font-size:12.0pt\"><span style=\"font-family:&quot;Arial&quot;,&quot;sans-serif&quot;\"><span style=\"color:#232323\">- сравнить цены, размер и качество товаров</span></span></span></span></span></p>\r\n\r\n<p style=\"margin-left:0in; margin-right:0in\"><span style=\"font-size:11pt\"><span style=\"font-family:Calibri,sans-serif\"><span style=\"font-size:12.0pt\"><span style=\"font-family:&quot;Arial&quot;,&quot;sans-serif&quot;\"><span style=\"color:#232323\">- прочитать и написать отзыв о товаре</span></span></span></span></span></p>\r\n\r\n<p style=\"margin-left:0in; margin-right:0in\"><span style=\"font-size:11pt\"><span style=\"font-family:Calibri,sans-serif\"><span style=\"font-size:12.0pt\"><span style=\"font-family:&quot;Arial&quot;,&quot;sans-serif&quot;\"><span style=\"color:#232323\">- получить информацию о магазине </span></span></span></span></span></p>\r\n\r\n<p style=\"margin-left:0in; margin-right:0in\"><span style=\"font-size:11pt\"><span style=\"font-family:Calibri,sans-serif\"><span style=\"font-size:12.0pt\"><span style=\"font-family:&quot;Arial&quot;,&quot;sans-serif&quot;\"><span style=\"color:#232323\">- связаться с продавцом магазина</span></span></span></span></span></p>\r\n\r\n<p style=\"margin-left:0in; margin-right:0in\"><span style=\"font-size:11pt\"><span style=\"font-family:Calibri,sans-serif\"><span style=\"font-size:12.0pt\"><span style=\"font-family:&quot;Arial&quot;,&quot;sans-serif&quot;\"><span style=\"color:#232323\">- следить за товарами со скидкой</span></span></span></span></span></p>\r\n\r\n<p style=\"margin-left:0in; margin-right:0in\">&nbsp;</p>\r\n\r\n<p style=\"margin-left:0in; margin-right:0in\">&nbsp;</p>\r\n\r\n<p style=\"margin-left:0in; margin-right:0in\"><span style=\"font-size:11pt\"><span style=\"font-family:Calibri,sans-serif\"><strong><span style=\"font-size:18.0pt\"><span style=\"font-family:&quot;Calibri Light&quot;,&quot;sans-serif&quot;\">Наши продавцы имеют возможность</span></span></strong></span></span></p>\r\n\r\n<p style=\"margin-left:0in; margin-right:0in\"><span style=\"font-size:11pt\"><span style=\"font-family:Calibri,sans-serif\"><strong><span style=\"font-size:18.0pt\"><span style=\"font-family:&quot;Calibri Light&quot;,&quot;sans-serif&quot;\">Создать виртуальный магазин у нас на сайте</span></span></strong></span></span></p>\r\n\r\n<p style=\"margin-left:0in; margin-right:0in\"><span style=\"font-size:11pt\"><span style=\"font-family:Calibri,sans-serif\"><strong><span style=\"font-size:18.0pt\"><span style=\"font-family:&quot;Calibri Light&quot;,&quot;sans-serif&quot;\">Просмотра товара 24</span></span></strong><strong><span style=\"font-size:18.0pt\"><span style=\"font-family:&quot;Calibri Light&quot;,&quot;sans-serif&quot;\">/7</span></span></strong></span></span></p>\r\n\r\n<p style=\"margin-left:0in; margin-right:0in\"><span style=\"font-size:11pt\"><span style=\"font-family:Calibri,sans-serif\"><strong><span style=\"font-size:18.0pt\"><span style=\"font-family:&quot;Calibri Light&quot;,&quot;sans-serif&quot;\">Продавать неограниченное количество товаров</span></span></strong></span></span></p>\r\n\r\n<p style=\"margin-left:0in; margin-right:0in\"><span style=\"font-size:11pt\"><span style=\"font-family:Calibri,sans-serif\"><strong><span style=\"font-size:18.0pt\"><span style=\"font-family:&quot;Calibri Light&quot;,&quot;sans-serif&quot;\">Устраивать предметные фотосессии с профессиональным фотографом</span></span></strong></span></span></p>\r\n\r\n<p style=\"margin-left:0in; margin-right:0in\"><span style=\"font-size:11pt\"><span style=\"font-family:Calibri,sans-serif\"><strong><span style=\"font-size:18.0pt\"><span style=\"font-family:&quot;Calibri Light&quot;,&quot;sans-serif&quot;\">Рекламировать товар на сайте</span></span></strong></span></span></p>\r\n\r\n<p style=\"margin-left:0in; margin-right:0in\"><span style=\"font-size:11pt\"><span style=\"font-family:Calibri,sans-serif\"><strong><span style=\"font-size:18.0pt\"><span style=\"font-family:&quot;Calibri Light&quot;,&quot;sans-serif&quot;\">Рекламировать товар в социальных сетях</span></span></strong></span></span></p>\r\n\r\n<p style=\"margin-left:0in; margin-right:0in\"><span style=\"font-size:11pt\"><span style=\"font-family:Calibri,sans-serif\"><strong><span style=\"font-size:18.0pt\"><span style=\"font-family:&quot;Calibri Light&quot;,&quot;sans-serif&quot;\">Преимущества:</span></span></strong></span></span></p>\r\n\r\n<p style=\"margin-left:0in; margin-right:0in\"><span style=\"font-size:11pt\"><span style=\"font-family:Calibri,sans-serif\"><strong><span style=\"font-size:18.0pt\"><span style=\"font-family:&quot;Calibri Light&quot;,&quot;sans-serif&quot;\">Доставка Вашего товара будет осуществляться нами. </span></span></strong></span></span></p>\r\n\r\n<p style=\"margin-left:0in; margin-right:0in\"><span style=\"font-size:11pt\"><span style=\"font-family:Calibri,sans-serif\"><span style=\"font-size:18.0pt\"><span style=\"font-family:&quot;Calibri Light&quot;,&quot;sans-serif&quot;\">Никаких дополнительных затрат на рекламу</span></span></span></span></p>\r\n\r\n<p style=\"margin-left:0cm; margin-right:0cm\">&nbsp;</p>\r\n\r\n<p style=\"margin-left:0cm; margin-right:0cm\">&nbsp;</p>\r\n\r\n<p style=\"margin-left:0cm; margin-right:0cm\">&nbsp;</p>\r\n\r\n<p style=\"margin-left:0cm; margin-right:0cm\">&nbsp;</p>\r\n\r\n<p style=\"margin-left:0cm; margin-right:0cm\">&nbsp;</p>\r\n\r\n<p style=\"margin-left:0cm; margin-right:0cm\">&nbsp;</p>\r\n</div>\r\n', '', '', '', ' ', '', 'o-nas', '2018-09-18 06:08:17', '2018-09-20 09:40:52'),
(6, 'Таблица размеров', '', '<div class=\"row\">\r\n<div class=\"container\">\r\n<div class=\"row\" style=\"margin-bottom:50px\">\r\n<div class=\"col-sm-3\"><img alt=\"\" class=\"center-block img-responsive\" src=\"https://osto.uz/photos/34/Woman.png\" /></div>\r\n\r\n<div class=\"col-sm-9\">\r\n<p style=\"margin-left:0cm; margin-right:0cm\"><span style=\"font-size:22px\"><span style=\"font-family:Muller,sans-serif\"><strong>Женские Размеры</strong></span></span></p>\r\n\r\n<p style=\"margin-left:0cm; margin-right:0cm\"><span style=\"font-size:16px\"><span style=\"font-family:Muller,sans-serif\">Для правильного выбора размера снимите мерки, следуя инструкции, изложенной ниже:</span></span></p>\r\n\r\n<ol style=\"list-style-type:lower-alpha; margin-left:40px\">\r\n	<li><span style=\"font-size:16px\"><span style=\"font-family:Muller,sans-serif\">Обхват бюста &ndash; измеряется вокруг туловища по самым выступающим точкам грудных желез.</span></span></li>\r\n	<li><span style=\"font-size:16px\"><span style=\"font-family:Muller,sans-serif\">Обхват талии &ndash; измеряется вокруг туловища на уровне линии талии.</span></span></li>\r\n	<li><span style=\"font-size:16px\"><span style=\"font-family:Muller,sans-serif\">Обхват бедер &ndash; измеряется в области на 20 см ниже линии талии.</span></span></li>\r\n</ol>\r\n\r\n<p style=\"margin-left:0cm; margin-right:0cm\">&nbsp;</p>\r\n\r\n<p style=\"margin-left:0cm; margin-right:0cm\"><span style=\"font-size:20px\"><strong><span style=\"font-family:Muller,sans-serif\">Верхние размеры</span></strong></span></p>\r\n\r\n<p style=\"margin-left:0cm; margin-right:0cm\"><span style=\"font-size:16px\"><span style=\"font-family:Muller,sans-serif\">К Верхним размерам относятся: Платья, Рубашки и Блузки, Топы, Костюмы, Кардиганы и Свитеры, Куртки и Пальто, Спортивная одежда, Купальники и Трикотаж.</span></span></p>\r\n\r\n<div class=\"table-responsive womens-color\" style=\"font-size:14px\">\r\n<table class=\"table text-center\">\r\n	<thead>\r\n		<tr>\r\n			<th>Размер</th>\r\n			<th>XXS</th>\r\n			<th>XS</th>\r\n			<th>S</th>\r\n			<th>M</th>\r\n			<th>L</th>\r\n			<th>XL</th>\r\n			<th>2XL</th>\r\n			<th>3XL</th>\r\n			<th>4XL</th>\r\n		</tr>\r\n	</thead>\r\n	<tbody>\r\n		<tr>\r\n			<td><strong>EU размер</strong></td>\r\n			<td>32</td>\r\n			<td>34</td>\r\n			<td>36</td>\r\n			<td>38</td>\r\n			<td>40</td>\r\n			<td>42</td>\r\n			<td>44</td>\r\n			<td>46</td>\r\n			<td>48</td>\r\n		</tr>\r\n		<tr>\r\n			<td><strong>Бюст (см)</strong></td>\r\n			<td>79.5</td>\r\n			<td>82</td>\r\n			<td>86</td>\r\n			<td>90</td>\r\n			<td>94</td>\r\n			<td>99</td>\r\n			<td>104</td>\r\n			<td>109</td>\r\n			<td>114</td>\r\n		</tr>\r\n		<tr>\r\n			<td><strong>Талия (см)</strong></td>\r\n			<td>63.5</td>\r\n			<td>64</td>\r\n			<td>68</td>\r\n			<td>72</td>\r\n			<td>76</td>\r\n			<td>81</td>\r\n			<td>86</td>\r\n			<td>91</td>\r\n			<td>96</td>\r\n		</tr>\r\n		<tr>\r\n			<td><strong>Бедра (см)</strong></td>\r\n			<td>86</td>\r\n			<td>90</td>\r\n			<td>94</td>\r\n			<td>98</td>\r\n			<td>102</td>\r\n			<td>107</td>\r\n			<td>112</td>\r\n			<td>117</td>\r\n			<td>122</td>\r\n		</tr>\r\n	</tbody>\r\n</table>\r\n</div>\r\n\r\n<p style=\"margin-left:0cm; margin-right:0cm\">&nbsp;</p>\r\n\r\n<p style=\"margin-left:0cm; margin-right:0cm\"><span style=\"font-size:20px\"><strong><span style=\"font-family:Muller,sans-serif\">Нижние размеры</span></strong></span></p>\r\n\r\n<p style=\"margin-left:0cm; margin-right:0cm\"><span style=\"font-size:16px\"><span style=\"font-family:Muller,sans-serif\">К Нижним размерам относятся: Брюки, Юбки, Шорты, Джинсы.</span></span></p>\r\n\r\n<div class=\"table-responsive womens-color\" style=\"font-size:14px\">\r\n<table class=\"table text-center\">\r\n	<thead>\r\n		<tr>\r\n			<th>Размер</th>\r\n			<th>XXS</th>\r\n			<th>XS</th>\r\n			<th>S</th>\r\n			<th>M</th>\r\n			<th>L</th>\r\n			<th>XL</th>\r\n			<th>2XL</th>\r\n			<th>3XL</th>\r\n			<th>4XL</th>\r\n		</tr>\r\n	</thead>\r\n	<tbody>\r\n		<tr>\r\n			<td><strong>EU размер</strong></td>\r\n			<td>32</td>\r\n			<td>34</td>\r\n			<td>36</td>\r\n			<td>38</td>\r\n			<td>40</td>\r\n			<td>42</td>\r\n			<td>44</td>\r\n			<td>46</td>\r\n			<td>48</td>\r\n		</tr>\r\n		<tr>\r\n			<td><strong>Талия (см)</strong></td>\r\n			<td>63.5</td>\r\n			<td>64</td>\r\n			<td>68</td>\r\n			<td>72</td>\r\n			<td>76</td>\r\n			<td>81</td>\r\n			<td>86</td>\r\n			<td>91</td>\r\n			<td>96</td>\r\n		</tr>\r\n		<tr>\r\n			<td><strong>Бедра (см)</strong></td>\r\n			<td>86</td>\r\n			<td>90</td>\r\n			<td>94</td>\r\n			<td>98</td>\r\n			<td>102</td>\r\n			<td>107</td>\r\n			<td>112</td>\r\n			<td>117</td>\r\n			<td>122</td>\r\n		</tr>\r\n	</tbody>\r\n</table>\r\n</div>\r\n\r\n<p style=\"margin-left:0cm; margin-right:0cm\">&nbsp;</p>\r\n\r\n<p style=\"margin-left:0cm; margin-right:0cm\"><strong><span style=\"font-size:20px\"><span style=\"font-family:Muller,sans-serif\">Размер обуви</span></span></strong></p>\r\n\r\n<p style=\"margin-left:0cm; margin-right:0cm\"><span style=\"font-size:16px\"><span style=\"font-family:Muller,sans-serif\">К Обуви относятся: Обувь, Носки и Чулки.</span></span></p>\r\n\r\n<div class=\"table-responsive womens-color\" style=\"font-size:14px\">\r\n<table class=\"table text-center\">\r\n	<thead>\r\n		<tr>\r\n			<th>Размер</th>\r\n			<th>35</th>\r\n			<th>36</th>\r\n			<th>37</th>\r\n			<th>38</th>\r\n			<th>39</th>\r\n			<th>40</th>\r\n			<th>41</th>\r\n		</tr>\r\n	</thead>\r\n	<tbody>\r\n		<tr>\r\n			<td><strong>Длина стопы (см)</strong></td>\r\n			<td>22.8</td>\r\n			<td>23.4</td>\r\n			<td>24</td>\r\n			<td>24.6</td>\r\n			<td>25.3</td>\r\n			<td>26</td>\r\n			<td>26.6</td>\r\n		</tr>\r\n	</tbody>\r\n</table>\r\n</div>\r\n</div>\r\n</div>\r\n\r\n<div class=\"row\" style=\"margin-bottom:50px\">\r\n<div class=\"col-sm-3\"><img alt=\"\" class=\"center-block img-responsive\" src=\"https://osto.uz/photos/34/Man.png\" /></div>\r\n\r\n<div class=\"col-sm-9\">\r\n<p style=\"margin-left:0cm; margin-right:0cm\"><span style=\"font-size:22px\"><span style=\"font-family:Muller,sans-serif\"><strong>Мужские размеры</strong></span></span></p>\r\n\r\n<p style=\"margin-left:0cm; margin-right:0cm\"><span style=\"font-size:16px\"><span style=\"font-family:Muller,sans-serif\">Чтобы выбрать правильный размер для вас, измерить ваше тело, как следует:</span></span></p>\r\n\r\n<ol style=\"list-style-type:lower-alpha; margin-left:40px\">\r\n	<li><span style=\"font-size:16px\"><span style=\"font-family:Muller,sans-serif\">Грудь &ndash; измеряется вокруг туловища в самой широкой точке, при этом сантиметровая лента должна касаться верхним краем подмышечных впадин, а в части спины &ndash; плотно прилегать к телу.</span></span></li>\r\n	<li><span style=\"font-size:16px\"><span style=\"font-family:Muller,sans-serif\">Талия &ndash; измерение вокруг естественной талии.</span></span></li>\r\n	<li><span style=\"font-size:16px\"><span style=\"font-family:Muller,sans-serif\">Обхват бедер &ndash; измеряется в области на 20 см ниже линии талии.</span></span></li>\r\n</ol>\r\n\r\n<p style=\"margin-left:0cm; margin-right:0cm\">&nbsp;</p>\r\n\r\n<p style=\"margin-left:0cm; margin-right:0cm\"><span style=\"font-size:20px\"><strong><span style=\"font-family:Muller,sans-serif\">Верхние размеры</span></strong></span></p>\r\n\r\n<p style=\"margin-left:0cm; margin-right:0cm\"><span style=\"font-size:16px\"><span style=\"font-family:Muller,sans-serif\">К Верхним размерам относятся: Футболки и Майки, Рубашки, Костюмы,</span></span></p>\r\n\r\n<p style=\"margin-left:0cm; margin-right:0cm\"><span style=\"font-size:16px\"><span style=\"font-family:Muller,sans-serif\">Кардиганы и Свитеры, Куртки и Пальто, Спортивная одежда, Одежда для плавания и Трикотаж.</span></span></p>\r\n\r\n<div class=\"mens-color table-responsive\" style=\"font-size:14px\">\r\n<table class=\"table text-center\">\r\n	<thead>\r\n		<tr>\r\n			<th>Размер</th>\r\n			<th>XXS</th>\r\n			<th>XS</th>\r\n			<th>S</th>\r\n			<th>M</th>\r\n			<th>L</th>\r\n			<th>XL</th>\r\n			<th>2XL</th>\r\n			<th>3XL</th>\r\n			<th>4XL</th>\r\n		</tr>\r\n	</thead>\r\n	<tbody>\r\n		<tr>\r\n			<td><strong>EU размер</strong></td>\r\n			<td>44</td>\r\n			<td>46</td>\r\n			<td>48</td>\r\n			<td>50</td>\r\n			<td>52</td>\r\n			<td>54</td>\r\n			<td>56</td>\r\n			<td>58</td>\r\n			<td>60</td>\r\n		</tr>\r\n		<tr>\r\n			<td><strong>Грудь (см)</strong></td>\r\n			<td>88</td>\r\n			<td>92</td>\r\n			<td>96</td>\r\n			<td>100</td>\r\n			<td>104</td>\r\n			<td>108</td>\r\n			<td>112</td>\r\n			<td>116</td>\r\n			<td>120</td>\r\n		</tr>\r\n		<tr>\r\n			<td><strong>Талия (см)</strong></td>\r\n			<td>78</td>\r\n			<td>82</td>\r\n			<td>86</td>\r\n			<td>90</td>\r\n			<td>94</td>\r\n			<td>98</td>\r\n			<td>102</td>\r\n			<td>106</td>\r\n			<td>110</td>\r\n		</tr>\r\n		<tr>\r\n			<td><strong>Бедра (см)</strong></td>\r\n			<td>92</td>\r\n			<td>96</td>\r\n			<td>100</td>\r\n			<td>104</td>\r\n			<td>108</td>\r\n			<td>112</td>\r\n			<td>116</td>\r\n			<td>120</td>\r\n			<td>124</td>\r\n		</tr>\r\n	</tbody>\r\n</table>\r\n</div>\r\n\r\n<p style=\"margin-left:0cm; margin-right:0cm\">&nbsp;</p>\r\n\r\n<p style=\"margin-left:0cm; margin-right:0cm\"><span style=\"font-size:20px\"><strong><span style=\"font-family:Muller,sans-serif\">Нижние размеры</span></strong></span></p>\r\n\r\n<p style=\"margin-left:0cm; margin-right:0cm\"><span style=\"font-size:16px\"><span style=\"font-family:Muller,sans-serif\">К Нижним размерам относятся: Брюки, Шорты, Джинсы</span></span></p>\r\n\r\n<div class=\"mens-color table-responsive\" style=\"font-size:14px\">\r\n<table class=\"table text-center\">\r\n	<thead>\r\n		<tr>\r\n			<th>Размер</th>\r\n			<th>XXS</th>\r\n			<th>XS</th>\r\n			<th>S</th>\r\n			<th>M</th>\r\n			<th>L</th>\r\n			<th>XL</th>\r\n			<th>2XL</th>\r\n			<th>3XL</th>\r\n			<th>4XL</th>\r\n		</tr>\r\n	</thead>\r\n	<tbody>\r\n		<tr>\r\n			<td><strong>EU размер</strong></td>\r\n			<td>44</td>\r\n			<td>46</td>\r\n			<td>48</td>\r\n			<td>50</td>\r\n			<td>52</td>\r\n			<td>54</td>\r\n			<td>56</td>\r\n			<td>58</td>\r\n			<td>60</td>\r\n		</tr>\r\n		<tr>\r\n			<td><strong>Талия (см)</strong></td>\r\n			<td>78</td>\r\n			<td>82</td>\r\n			<td>86</td>\r\n			<td>90</td>\r\n			<td>94</td>\r\n			<td>98</td>\r\n			<td>102</td>\r\n			<td>106</td>\r\n			<td>110</td>\r\n		</tr>\r\n		<tr>\r\n			<td><strong>Бедра (см)</strong></td>\r\n			<td>92</td>\r\n			<td>96</td>\r\n			<td>100</td>\r\n			<td>104</td>\r\n			<td>108</td>\r\n			<td>112</td>\r\n			<td>116</td>\r\n			<td>120</td>\r\n			<td>124</td>\r\n		</tr>\r\n	</tbody>\r\n</table>\r\n</div>\r\n\r\n<p style=\"margin-left:0cm; margin-right:0cm\">&nbsp;</p>\r\n\r\n<p style=\"margin-left:0cm; margin-right:0cm\"><span style=\"font-size:20px\"><strong><span style=\"font-family:Muller,sans-serif\">Размер обуви</span></strong></span></p>\r\n\r\n<p style=\"margin-left:0cm; margin-right:0cm\"><span style=\"font-size:16px\"><span style=\"font-family:Muller,sans-serif\">К обуви относятся: Обувь и Носки.</span></span></p>\r\n\r\n<div class=\"mens-color table-responsive\" style=\"font-size:14px\">\r\n<table class=\"table text-center\">\r\n	<thead>\r\n		<tr>\r\n			<th>Размер</th>\r\n			<th>39</th>\r\n			<th>40</th>\r\n			<th>41</th>\r\n			<th>42</th>\r\n			<th>43</th>\r\n			<th>44</th>\r\n			<th>45</th>\r\n		</tr>\r\n	</thead>\r\n	<tbody>\r\n		<tr>\r\n			<td><strong>Длина стопы (см)</strong></td>\r\n			<td>25.3</td>\r\n			<td>25.8</td>\r\n			<td>26.4</td>\r\n			<td>27</td>\r\n			<td>28</td>\r\n			<td>28.3</td>\r\n			<td>28.9</td>\r\n		</tr>\r\n	</tbody>\r\n</table>\r\n</div>\r\n</div>\r\n</div>\r\n\r\n<div class=\"row\" style=\"margin-bottom:50px\">\r\n<div class=\"col-sm-3\"><img alt=\"\" class=\"center-block img-responsive\" src=\"https://osto.uz/photos/34/Boy.png\" style=\"margin:0 auto; width:200px\" /></div>\r\n\r\n<div class=\"col-sm-9\">\r\n<p style=\"margin-left:0cm; margin-right:0cm\"><span style=\"font-size:22px\"><span style=\"font-family:Muller,sans-serif\"><strong>Детские размеры</strong></span></span></p>\r\n\r\n<p style=\"margin-left:0cm; margin-right:0cm\"><span style=\"font-size:16px\"><span style=\"font-family:Muller,sans-serif\">Для подбора правильного размера для ребенка, нужно измерить:</span></span></p>\r\n\r\n<ol style=\"list-style-type:lower-alpha; margin-left:40px\">\r\n	<li><span style=\"font-size:16px\"><span style=\"font-family:Muller,sans-serif\">Рост-измеряется от затылка до кончиков пальцев ног.</span></span></li>\r\n</ol>\r\n\r\n<p style=\"margin-left:0cm; margin-right:0cm\">&nbsp;</p>\r\n\r\n<p style=\"margin-left:0cm; margin-right:0cm\"><em><span style=\"font-size:16px\"><span style=\"font-family:Muller,sans-serif\">* Таблица ниже относится к мальчикам в той же степени, как и к девочкам.</span></span></em></p>\r\n\r\n<p style=\"margin-left:0cm; margin-right:0cm\">&nbsp;</p>\r\n\r\n<p style=\"margin-left:0cm; margin-right:0cm\"><strong><span style=\"font-size:20px\"><span style=\"font-family:Muller,sans-serif\">Размеры от 0 &ndash; 36 месяцев </span></span></strong></p>\r\n\r\n<p style=\"margin-left:0cm; margin-right:0cm\"><span style=\"font-size:16px\"><span style=\"font-family:Muller,sans-serif\">К месячным размерам относятся: </span></span></p>\r\n\r\n<p style=\"margin-left:0cm; margin-right:0cm\"><span style=\"font-size:16px\"><span style=\"font-family:Muller,sans-serif\">Мальчикам: Топы и Футболки, Рубашки, Боди, Пиджаки, Жилеты, Свитеры, Худи и Толстовки, Куртки, Пальто, Комбинезоны, Брюки, Шорты, Джинсы, Плавки, Белье, Пижамы, Спортивные комплекты.</span></span></p>\r\n\r\n<p><span style=\"font-size:16px\"><span style=\"font-family:Muller,sans-serif\">Девочкам: Платья, Футболки и Майки, Кофточки и Блузки, Боди, Пиджаки, Кардиганы и Свитеры, Куртки и Пальто, Юбки, Брюки, Комбинезоны, Шорты, Джинсы, Купальники, Белье, Пижамы, Спортивные комплекты</span></span></p>\r\n\r\n<p>&nbsp;</p>\r\n\r\n<div class=\"child-color table-responsive\" style=\"font-size:14px\">\r\n<table class=\"table text-center\">\r\n	<thead>\r\n		<tr>\r\n			<th>Возраст</th>\r\n			<th>0-3м</th>\r\n			<th>3-6м</th>\r\n			<th>6-9м</th>\r\n			<th>9-12м</th>\r\n			<th>12-18м</th>\r\n			<th>18-24м</th>\r\n			<th>24-36м</th>\r\n		</tr>\r\n	</thead>\r\n	<tbody>\r\n		<tr>\r\n			<td><strong>Рост (см)</strong></td>\r\n			<td>62</td>\r\n			<td>68</td>\r\n			<td>74.5</td>\r\n			<td>80</td>\r\n			<td>86</td>\r\n			<td>92</td>\r\n			<td>98</td>\r\n		</tr>\r\n	</tbody>\r\n</table>\r\n</div>\r\n\r\n<p style=\"margin-left:0cm; margin-right:0cm\">&nbsp;</p>\r\n\r\n<p style=\"margin-left:0cm; margin-right:0cm\"><strong><span style=\"font-size:20px\"><span style=\"font-family:Muller,sans-serif\">Размеры от 3 &ndash; 10 лет</span></span></strong></p>\r\n\r\n<p style=\"margin-left:0cm; margin-right:0cm\"><span style=\"font-size:16px\"><span style=\"font-family:Muller,sans-serif\">Для подбора правильного размера для ребенка, нужно измерить:</span></span></p>\r\n\r\n<ol style=\"list-style-type:lower-alpha; margin-left:40px\">\r\n	<li><span style=\"font-size:16px\"><span style=\"font-family:Muller,sans-serif\">Рост-измеряется от затылка до кончиков пальцев ног.</span></span></li>\r\n</ol>\r\n\r\n<p style=\"margin-left:0cm; margin-right:0cm\">&nbsp;</p>\r\n\r\n<p style=\"margin-left:0cm; margin-right:0cm\"><em><span style=\"font-size:16px\"><span style=\"font-family:Muller,sans-serif\">*Таблица ниже относится к мальчикам в той же степени, как и к девочкам.</span></span></em></p>\r\n\r\n<p style=\"margin-left:0cm; margin-right:0cm\"><span style=\"font-size:16px\"><span style=\"font-family:Muller,sans-serif\">К годовым размерам относятся: </span></span></p>\r\n\r\n<p style=\"margin-left:0cm; margin-right:0cm\"><span style=\"font-size:16px\"><span style=\"font-family:Muller,sans-serif\">Мальчикам: Топы и Футболки, Рубашки, Пиджаки, Жилеты, Свитеры, Худи и Толстовки, Куртки, Пальто, Комбинезоны, Брюки, Шорты, Джинсы, Плавки, Белье, Пижамы, Спортивные комплекты.</span></span></p>\r\n\r\n<p style=\"margin-left:0cm; margin-right:0cm\"><span style=\"font-size:16px\"><span style=\"font-family:Muller,sans-serif\">Девочкам: Платья, Футболки и Майки, Кофточки и Блузки, Пиджаки, Кардиганы и Свитеры, Куртки и Пальто, Юбки, Брюки, Комбинезоны, Шорты, Джинсы, Купальники, Белье, Пижамы, Спортивные комплекты.</span></span></p>\r\n\r\n<p style=\"margin-left:0cm; margin-right:0cm\">&nbsp;</p>\r\n\r\n<div class=\"child-color table-responsive\" style=\"font-size:14px\">\r\n<table class=\"table text-center\">\r\n	<thead>\r\n		<tr>\r\n			<th>Возраст</th>\r\n			<th>3г</th>\r\n			<th>4г</th>\r\n			<th>5г</th>\r\n			<th>6г</th>\r\n			<th>7г</th>\r\n			<th>8г</th>\r\n			<th>9г</th>\r\n			<th>10г</th>\r\n		</tr>\r\n	</thead>\r\n	<tbody>\r\n		<tr>\r\n			<td><strong>Рост (см)</strong></td>\r\n			<td>98</td>\r\n			<td>104</td>\r\n			<td>110</td>\r\n			<td>116</td>\r\n			<td>122</td>\r\n			<td>128</td>\r\n			<td>134</td>\r\n			<td>140</td>\r\n		</tr>\r\n	</tbody>\r\n</table>\r\n</div>\r\n\r\n<p style=\"margin-left:0cm; margin-right:0cm\">&nbsp;</p>\r\n\r\n<p style=\"margin-left:0cm; margin-right:0cm\"><strong><span style=\"font-size:20px\"><span style=\"font-family:Muller,sans-serif\">Размер обуви</span></span></strong></p>\r\n\r\n<p style=\"margin-left:0cm; margin-right:0cm\"><span style=\"font-size:16px\"><span style=\"font-family:Muller,sans-serif\">К обуви относятся: Обувь, Ноcки, Гольфики и Колготки.</span></span></p>\r\n\r\n<p style=\"margin-left:0cm; margin-right:0cm\">&nbsp;</p>\r\n\r\n<div class=\"child-color table-responsive\" style=\"font-size:14px\">\r\n<table class=\"table table-condensed text-center\">\r\n	<thead>\r\n		<tr>\r\n			<th>Размер</th>\r\n			<th>18</th>\r\n			<th>19</th>\r\n			<th>20</th>\r\n			<th>21</th>\r\n			<th>22</th>\r\n			<th>23</th>\r\n			<th>24</th>\r\n			<th>25</th>\r\n			<th>26</th>\r\n			<th>27</th>\r\n			<th>28</th>\r\n			<th>29</th>\r\n			<th>30</th>\r\n			<th>31</th>\r\n			<th>32</th>\r\n			<th>33</th>\r\n			<th>34</th>\r\n			<th>35</th>\r\n		</tr>\r\n	</thead>\r\n	<tbody>\r\n		<tr>\r\n			<td><strong>Длина стопы (см)</strong></td>\r\n			<td>11.7</td>\r\n			<td>12.7</td>\r\n			<td>13.3</td>\r\n			<td>14</td>\r\n			<td>14.7</td>\r\n			<td>15.3</td>\r\n			<td>16</td>\r\n			<td>16.7</td>\r\n			<td>17.3</td>\r\n			<td>18</td>\r\n			<td>18.7</td>\r\n			<td>19.3</td>\r\n			<td>20</td>\r\n			<td>20.7</td>\r\n			<td>21.3</td>\r\n			<td>21.7</td>\r\n			<td>22.7</td>\r\n			<td>23.3</td>\r\n		</tr>\r\n	</tbody>\r\n</table>\r\n</div>\r\n</div>\r\n</div>\r\n</div>\r\n</div>\r\n', '', '', '', '', '', 'tablitsa-razmerov', '2018-09-18 06:26:53', '2018-09-19 03:46:52'),
(7, 'Как вернуть товар', '', '<div style=\"width:980px\">\r\n<p style=\"margin-left:0in; margin-right:0in\"><img alt=\"\" src=\"https://osto.uz/photos/34/уцйв.jpg\" style=\"height:393px; width:980px\" /></p>\r\n\r\n<p style=\"margin-left:0in; margin-right:0in\"><span style=\"font-size:18px\"><span style=\"font-family:Muller,sans-serif\">Политика возврата применяется ко всем покупкам, сделанным через веб-сайт Osto.uz. Возврат применяется только, когда покупатель не удовлетворён товаром по признакам:</span></span></p>\r\n\r\n<ul>\r\n	<li><span style=\"font-size:18px\"><span style=\"font-family:Muller,sans-serif\">Целостности;</span></span></li>\r\n	<li><span style=\"font-size:18px\"><span style=\"font-family:Muller,sans-serif\">Качества;</span></span></li>\r\n	<li><span style=\"font-size:18px\"><span style=\"font-family:Muller,sans-serif\">Размера;</span></span></li>\r\n	<li><span style=\"font-size:18px\"><span style=\"font-family:Muller,sans-serif\">Цвета;</span></span></li>\r\n	<li><span style=\"font-size:18px\"><span style=\"font-family:Muller,sans-serif\">Чистоты.</span></span></li>\r\n</ul>\r\n\r\n<p style=\"margin-left:0in; margin-right:0in\">&nbsp;</p>\r\n\r\n<p style=\"margin-left:0in; margin-right:0in\"><span style=\"font-size:18px\"><span style=\"font-family:Muller,sans-serif\">Товар можно вернуть в течение 24х часов после его доставки, отправив его на адрес:</span></span></p>\r\n\r\n<p style=\"margin-left:0in; margin-right:0in\"><span style=\"font-size:18px\"><span style=\"font-family:Muller,sans-serif\">Оплата (сумма товара без доставки) возвращается в течение 5и банковских дней после получения товара, на банковскую карту владельца.</span></span></p>\r\n\r\n<p style=\"margin-left:0in; margin-right:0in\">&nbsp;</p>\r\n\r\n<p style=\"margin-left:0in; margin-right:0in\"><span style=\"font-size:18px\"><span style=\"font-family:Muller,sans-serif\"><strong>Товар не подлежит возврату</strong>, если это:</span></span></p>\r\n\r\n<ul>\r\n	<li><span style=\"font-size:18px\"><span style=\"font-family:Muller,sans-serif\">товар без полной комплектации - без&nbsp; упаковки и надлежащих бирок</span></span></li>\r\n	<li><span style=\"font-size:18px\"><span style=\"font-family:Muller,sans-serif\">товар в использованном виде</span></span></li>\r\n	<li><span style=\"font-size:18px\"><span style=\"font-family:Muller,sans-serif\">товары нижнего белья (майки, чулки и т.г ) </span></span></li>\r\n</ul>\r\n\r\n<p style=\"margin-left:0in; margin-right:0in\">&nbsp;</p>\r\n\r\n<p style=\"margin-left:0in; margin-right:0in\"><span style=\"font-size:18px\"><span style=\"font-family:Muller,sans-serif\">Товар нужно возвращать в главный офис компании. </span></span></p>\r\n\r\n<p style=\"margin-left:0in; margin-right:0in\"><span style=\"font-size:18px\"><span style=\"font-family:Muller,sans-serif\">г. Ташкент, Мирабадский район</span></span></p>\r\n\r\n<p style=\"margin-left:0in; margin-right:0in\"><span style=\"font-size:18px\"><span style=\"font-family:Muller,sans-serif\">улица Ойбек 18/1, 100015</span></span></p>\r\n\r\n<p style=\"margin-left:0in; margin-right:0in\"><span style=\"font-size:18px\"><span style=\"font-family:Muller,sans-serif\">ООО &laquo;OSTO PLATFORM&raquo;</span></span></p>\r\n\r\n<p style=\"margin-left:0in; margin-right:0in\"><span style=\"font-size:18px\"><span style=\"font-family:Muller,sans-serif\">Тел: (998) 71 231 09 11</span></span></p>\r\n\r\n<p style=\"margin-left:0in; margin-right:0in\"><span style=\"font-size:18px\"><span style=\"font-family:Muller,sans-serif\">Пожалуйста, свяжитесь с нами для получения более подробной&nbsp; информации о возврате товара.</span></span></p>\r\n\r\n<p style=\"margin-left:0in; margin-right:0in\">&nbsp;</p>\r\n\r\n<p><iframe frameborder=\"0\" height=\"455\" src=\"https://yandex.com/map-widget/v1/?um=constructor%3Ae078e7b2826b953a89dafb80333b9823d2f04d97e98ed7bca527d1a71e7fb4a3&amp;source=constructor\" width=\"970\"></iframe></p>\r\n</div>\r\n', '', '', '', '', '', 'kak-vernut-tovar', '2018-09-19 03:39:45', '2018-09-19 08:32:45');
INSERT INTO `pages` (`id`, `title_ru`, `title_uz`, `description_ru`, `description_uz`, `meta_description_uz`, `meta_description_ru`, `meta_keywords_ru`, `meta_keywords_uz`, `alias`, `created_at`, `updated_at`) VALUES
(10, 'Оформление заказа', '', '<p>&nbsp;Итак, если Вы зашли на эту страничку, Вас заинтересовал процесс оформления заказа на нашем сайте. Мы Вам в этом поможем.</p>\r\n\r\n<p>Наверняка, у Вас накопились вопросы в голове такие&nbsp;как:</p>\r\n\r\n<ol>\r\n	<li>Как заказать товар ?</li>\r\n	<li>Как определить размер?</li>\r\n	<li>Как оплатить?</li>\r\n	<li>Какие условия доставки?</li>\r\n	<li>Что делать если товар не подошел?</li>\r\n</ol>\r\n\r\n<p>Отвечаем на все вопросы по порядку и детально.</p>\r\n\r\n<p><span style=\"color:null\"><span style=\"font-size:72px\">Шаг 1</span></span></p>\r\n\r\n<p style=\"margin-left:0in; margin-right:0in\"><span style=\"font-size:11pt\"><span style=\"font-family:Calibri,sans-serif\"><span style=\"font-size:16.0pt\">Понравился товар? &ndash;Выберите размер. </span></span></span></p>\r\n\r\n<p style=\"margin-left:0in; margin-right:0in\"><img alt=\"\" src=\"https://osto.uz/photos/34/oformlenie zakaza/1screen.jpg\" style=\"height:550px; width:1120px\" /></p>\r\n\r\n<p style=\"margin-left:0in; margin-right:0in\"><span style=\"font-size:11pt\"><span style=\"font-family:Calibri,sans-serif\"><span style=\"font-size:16.0pt\">Для того чтобы не сомневаться в размерах таблица размеров вам в этом поможет.</span></span></span></p>\r\n\r\n<p style=\"margin-left:0in; margin-right:0in\">&nbsp;</p>\r\n\r\n<p style=\"margin-left:0in; margin-right:0in\"><span style=\"font-size:72px\"><span style=\"font-family:Calibri,sans-serif\">Шаг 2</span></span></p>\r\n\r\n<p style=\"margin-left:0in; margin-right:0in\"><span style=\"font-size:11pt\"><span style=\"font-family:Calibri,sans-serif\"><span style=\"font-size:16.0pt\">Нажать на кнопку &laquo;Добавить товар в корзину&raquo;.</span></span></span></p>\r\n\r\n<p style=\"margin-left:0in; margin-right:0in\"><img alt=\"\" src=\"https://osto.uz/photos/34/oformlenie zakaza/2screen.jpg\" style=\"height:550px; width:1120px\" /></p>\r\n\r\n<p style=\"margin-left:0in; margin-right:0in\"><span style=\"font-size:11pt\"><span style=\"font-family:Calibri,sans-serif\"><span style=\"font-size:16.0pt\">&nbsp;В вашей сумке появился товар.</span></span></span></p>\r\n\r\n<p style=\"margin-left:0in; margin-right:0in\"><span style=\"font-size:11pt\"><span style=\"font-family:Calibri,sans-serif\"><span style=\"font-size:16.0pt\">Нажать на кнопку &laquo;Оформить заказ&raquo;</span></span></span></p>\r\n\r\n<p style=\"margin-left:0in; margin-right:0in\"><span style=\"font-size:11pt\"><span style=\"font-family:Calibri,sans-serif\"><span style=\"font-size:16.0pt\">Внимание!<em> Для того чтобы оформить заказ нужно заранее пройти регистрацию.</em></span></span></span></p>\r\n\r\n<p style=\"margin-left:0in; margin-right:0in\"><span style=\"font-size:72px\"><span style=\"font-family:Calibri,sans-serif\">Шаг 3 </span></span></p>\r\n\r\n<p style=\"margin-left:0in; margin-right:0in\"><span style=\"color:#444444\"><span style=\"font-size:11pt\"><span style=\"font-family:Calibri,sans-serif\"><span style=\"font-size:16.0pt\">Далее- Укажите адрес.&nbsp; </span></span></span></span></p>\r\n\r\n<p style=\"margin-left:0in; margin-right:0in\"><span style=\"color:#444444\"><img alt=\"\" src=\"https://osto.uz/photos/34/oformlenie zakaza/4screen.jpg\" style=\"height:597px; width:1120px\" /></span></p>\r\n\r\n<p style=\"margin-left:0in; margin-right:0in\"><span style=\"color:#444444\"><span style=\"font-size:11pt\"><span style=\"font-family:Calibri,sans-serif\"><span style=\"font-size:16.0pt\"><img alt=\"\" src=\"https://osto.uz/photos/34/oformlenie zakaza/6.png\" style=\"width:1120px\" /></span></span></span></span></p>\r\n\r\n<p style=\"margin-left:0in; margin-right:0in\"><span style=\"color:#444444\"><span style=\"font-size:72px\"><span style=\"font-family:Calibri,sans-serif\">Шаг 4</span></span></span></p>\r\n\r\n<p style=\"margin-left:0in; margin-right:0in\"><span style=\"color:#444444\"><span style=\"font-size:11pt\"><span style=\"font-family:Calibri,sans-serif\"><span style=\"font-size:16.0pt\">Проверить сумму заказа и выбрать способ оплаты.</span></span></span></span></p>\r\n\r\n<p style=\"margin-left:0in; margin-right:0in\"><span style=\"color:#444444\"><img alt=\"\" src=\"https://osto.uz/photos/34/oformlenie zakaza/5creen.jpg\" style=\"height:547px; width:1120px\" /></span></p>\r\n\r\n<p style=\"margin-left:0in; margin-right:0in\"><span style=\"color:#444444\"><span style=\"font-size:11pt\"><span style=\"font-family:Calibri,sans-serif\"><em><span style=\"font-size:16.0pt\">По желанию добавить комментарий к заказу (в случаи если вас не будет на указанном месте в определенное время и т.д.)</span></em></span></span></span></p>\r\n\r\n<p style=\"margin-left:0in; margin-right:0in\"><span style=\"color:#444444\"><span style=\"font-size:11pt\"><span style=\"font-family:Calibri,sans-serif\"><span style=\"font-size:16.0pt\">Нажать на кнопку &laquo;Оформить заказ&raquo;.</span></span></span></span></p>\r\n\r\n<p style=\"margin-left:0in; margin-right:0in\"><span style=\"color:#444444\"><strong><span style=\"font-size:26px\"><span style=\"font-family:Calibri,sans-serif\">Ваш заказ успешно принят!</span></span></strong></span></p>\r\n\r\n<p>&nbsp;&nbsp;</p>\r\n', '', '', '', '', '', 'oformlenie-zakaza', '2018-09-19 08:32:11', '2018-09-20 07:26:50'),
(11, 'Вакансии', '', '<p>На данный момент вакансий нет</p>\r\n', '', '', '', '', '', 'vakansii', '2018-09-20 08:44:18', '2018-09-20 08:44:18');

-- --------------------------------------------------------

--
-- Структура таблицы `password_resets`
--

CREATE TABLE `password_resets` (
  `email` varchar(255) COLLATE utf8_unicode_ci NOT NULL,
  `token` varchar(255) COLLATE utf8_unicode_ci NOT NULL,
  `created_at` timestamp NULL DEFAULT NULL
) ENGINE=InnoDB DEFAULT CHARSET=utf8 COLLATE=utf8_unicode_ci;

-- --------------------------------------------------------

--
-- Структура таблицы `payme_uz`
--

CREATE TABLE `payme_uz` (
  `id` bigint(20) UNSIGNED NOT NULL,
  `transaction` varchar(50) COLLATE utf8_unicode_ci DEFAULT NULL,
  `code` varchar(25) COLLATE utf8_unicode_ci DEFAULT NULL,
  `state` varchar(25) COLLATE utf8_unicode_ci DEFAULT NULL,
  `owner_id` varchar(25) COLLATE utf8_unicode_ci DEFAULT NULL,
  `amount` varchar(25) COLLATE utf8_unicode_ci DEFAULT NULL,
  `reason` varchar(25) COLLATE utf8_unicode_ci DEFAULT NULL,
  `payme_time` varchar(25) COLLATE utf8_unicode_ci DEFAULT NULL,
  `cancel_time` int(25) DEFAULT NULL,
  `create_time` varchar(25) COLLATE utf8_unicode_ci DEFAULT NULL,
  `perform_time` varchar(25) COLLATE utf8_unicode_ci DEFAULT NULL
) ENGINE=InnoDB DEFAULT CHARSET=utf8 COLLATE=utf8_unicode_ci;

--
-- Дамп данных таблицы `payme_uz`
--

INSERT INTO `payme_uz` (`id`, `transaction`, `code`, `state`, `owner_id`, `amount`, `reason`, `payme_time`, `cancel_time`, `create_time`, `perform_time`) VALUES
(2, '5b93fd9346aa69201ee050e4', '', '1', '4', '122200', '', '1536425363979', 0, '1536425364000', ''),
(3, '{$fields[\'transaction\']}', '', '{$fields[\'state\']}', '{$fields[\'owner_id\']}', '{$fields[\'amount\']}', '', '1', 0, '{$fields[\'create_time\']}', ''),
(4, '{$fields[\'transaction\']}', '', '{$fields[\'state\']}', '{$fields[\'owner_id\']}', '{$fields[\'amount\']}', '', '1', 0, '{$fields[\'create_time\']}', ''),
(5, '5b93fe9f46aa69201ee050e7', '', '-2', '5', '122200', '5', '1536425631738', 2147483647, '1536425631000', '1536425651000'),
(6, '5b94001c46aa69201ee050f2', '', '2', '6', '122200', '', '1536426012659', 0, '1536426012000', '1536426027000'),
(7, '5b942a5746aa69201ee050f9', '', '1', '13', '375800', '', '1536436823300', 0, '1536436823000', ''),
(8, '5b942ac246aa69201ee050ff', NULL, '-2', '12', '375800', '5', '1536436930314', 2147483647, '1536436930000', '1536436937000'),
(9, '5b94b1ff46aa69201ee05106', NULL, '-2', '18', '380500', '5', '1536471551433', 2147483647, '1536471551000', '1536471564000'),
(10, '5b94b43b46aa69201ee0510a', NULL, '1', '19', '380500', NULL, '1536472123980', NULL, '1536472124000', NULL),
(11, '5b94b66646aa69201ee0511e', NULL, '-2', '21', '380500', '5', '1536472678501', 2147483647, '1536472678000', '1536472686000'),
(12, '5b94b71046aa69201ee05126', NULL, '-1', '22', '380500', '3', '1536472848791', 2147483647, '1536472849000', NULL),
(13, '5b94b89e46aa69201ee0512a', NULL, '-1', '23', '380500', '3', '1536473246637', 2147483647, '1536473246000', NULL),
(14, '5b94be2846aa69201ee0513a', NULL, '2', '25', '380500', NULL, '1536474664961', NULL, '1536474665000', '1536474682000'),
(15, '5b94c7a146aa69201ee0513e', NULL, '-2', '27', '380500', '5', '1536477089234', 2147483647, '1536477089000', '1536477097000'),
(16, '5b94c7d446aa69201ee05144', NULL, '-2', '27', '380500', '5', '1536477140175', 2147483647, '1536477140000', '1536477162000'),
(17, '5b94c7d446aa69201ee05145', NULL, '1', '27', '380500', NULL, '1536477140979', NULL, '1536477141000', NULL),
(18, '5b96982446aa69201ee051a1', NULL, '1', '33', '375800', NULL, '1536596004097', NULL, '1536596004000', NULL),
(19, '5b969eef46aa69201ee051b8', NULL, '1', '34', '375800', NULL, '1536597743984', NULL, '1536597744000', NULL),
(20, '5b96a1b146aa69201ee051c3', NULL, '-2', '35', '375800', '5', '1536598449063', 2147483647, '1536598449000', '1536598464000'),
(21, '5b96a1e746aa69201ee051c8', NULL, '1', '35', '375800', NULL, '1536598503633', NULL, '1536598503000', NULL),
(22, '5b96a1e846aa69201ee051c9', NULL, '1', '35', '375800', NULL, '1536598504592', NULL, '1536598504000', NULL),
(23, '5b96a24846aa69201ee051ca', NULL, '1', '35', '375800', NULL, '1536598600177', NULL, '1536598600000', NULL),
(24, '5b96a24846aa69201ee051cb', NULL, '1', '35', '375800', NULL, '1536598600790', NULL, '1536598601000', NULL),
(25, '5b96a25a46aa69201ee051cc', NULL, '1', '35', '375800', NULL, '1536598618121', NULL, '1536598618000', NULL),
(26, '5b96a25a46aa69201ee051cd', NULL, '1', '35', '375800', NULL, '1536598618803', NULL, '1536598619000', NULL);

-- --------------------------------------------------------

--
-- Структура таблицы `permissions`
--

CREATE TABLE `permissions` (
  `id` int(10) UNSIGNED NOT NULL,
  `name` varchar(255) COLLATE utf8_unicode_ci NOT NULL,
  `display_name` varchar(255) COLLATE utf8_unicode_ci DEFAULT NULL,
  `description` varchar(255) COLLATE utf8_unicode_ci DEFAULT NULL,
  `created_at` timestamp NULL DEFAULT NULL,
  `updated_at` timestamp NULL DEFAULT NULL
) ENGINE=InnoDB DEFAULT CHARSET=utf8 COLLATE=utf8_unicode_ci;

-- --------------------------------------------------------

--
-- Структура таблицы `permission_role`
--

CREATE TABLE `permission_role` (
  `permission_id` int(10) UNSIGNED NOT NULL,
  `role_id` int(10) UNSIGNED NOT NULL
) ENGINE=InnoDB DEFAULT CHARSET=utf8 COLLATE=utf8_unicode_ci;

-- --------------------------------------------------------

--
-- Структура таблицы `products`
--

CREATE TABLE `products` (
  `id` bigint(20) UNSIGNED NOT NULL,
  `title` varchar(255) COLLATE utf8_unicode_ci NOT NULL,
  `alias` varchar(255) COLLATE utf8_unicode_ci NOT NULL,
  `short` text COLLATE utf8_unicode_ci,
  `description` text COLLATE utf8_unicode_ci NOT NULL,
  `category_id` int(11) NOT NULL,
  `subcategory_id` int(11) DEFAULT NULL,
  `price` int(11) NOT NULL,
  `count_product` int(11) NOT NULL DEFAULT '0',
  `sex` enum('male','female','general') COLLATE utf8_unicode_ci NOT NULL,
  `popular` tinyint(1) NOT NULL DEFAULT '0',
  `recommended` tinyint(1) NOT NULL DEFAULT '0',
  `shop_id` int(11) NOT NULL,
  `user_id` int(11) NOT NULL DEFAULT '0',
  `like_amount` int(11) NOT NULL DEFAULT '0',
  `dislike_amount` int(11) NOT NULL DEFAULT '0',
  `view_amount` int(11) NOT NULL DEFAULT '0',
  `created_at` timestamp NULL DEFAULT NULL,
  `updated_at` timestamp NULL DEFAULT NULL,
  `negotiable_price` tinyint(1) NOT NULL DEFAULT '0',
  `status` tinyint(1) NOT NULL DEFAULT '0',
  `size_product` varchar(255) COLLATE utf8_unicode_ci DEFAULT NULL,
  `sale_status` tinyint(4) NOT NULL DEFAULT '0',
  `sale_value` tinyint(4) NOT NULL DEFAULT '0',
  `main_image` varchar(255) COLLATE utf8_unicode_ci DEFAULT NULL,
  `color` varchar(255) COLLATE utf8_unicode_ci DEFAULT NULL,
  `currency` enum('UZS','USD') COLLATE utf8_unicode_ci NOT NULL DEFAULT 'UZS'
) ENGINE=InnoDB DEFAULT CHARSET=utf8 COLLATE=utf8_unicode_ci;

--
-- Дамп данных таблицы `products`
--

INSERT INTO `products` (`id`, `title`, `alias`, `short`, `description`, `category_id`, `subcategory_id`, `price`, `count_product`, `sex`, `popular`, `recommended`, `shop_id`, `user_id`, `like_amount`, `dislike_amount`, `view_amount`, `created_at`, `updated_at`, `negotiable_price`, `status`, `size_product`, `sale_status`, `sale_value`, `main_image`, `color`, `currency`) VALUES
(31, 'Кроссовки', 'krossovki', NULL, 'Кроссовки сделаны:\r\n65% полиэстер\r\n35% полиуретан\r\n100% эттилен винил ацетат стирин бутадиенс ', 289, NULL, 345000, 999, 'male', 1, 1, 7, 34, 0, 0, 7, '2018-08-27 08:44:30', '2018-09-20 16:06:07', 0, 1, '{\"23\":\"49\",\"24\":\"50\",\"25\":\"51\",\"26\":\"52\"}', 0, 0, '31_15353822310.jpg', 'Белый', 'UZS'),
(32, 'Кроссовки', 'krossovki-1', NULL, 'Материал:\r\n62% полиуретан\r\n38% полиэстер\r\nИзнутри:\r\n100% полиэстер\r\nСнаружи:\r\n100% этилен винил ацетат стирен бутадиенс', 289, NULL, 345000, 984, 'male', 1, 1, 7, 34, 0, 0, 4, '2018-08-27 12:01:43', '2018-09-20 14:28:26', 0, 1, '{\"23\":\"49\",\"24\":\"50\",\"25\":\"51\",\"26\":\"52\",\"27\":\"53\"}', 0, 0, '32_15353821030.jpg', 'Разноцветный', 'UZS'),
(33, 'Кроссовки', 'krossovki-2', NULL, 'Материал:\r\n62% полиуретан\r\n38% полиэстер\r\nИзнутри:\r\n100% полиэстер\r\nСнаружи:\r\n100% этилен винил ацетат стирен бутадиенс', 289, NULL, 334000, 1000, 'male', 1, 0, 7, 34, 0, 0, 0, '2018-08-27 12:06:03', '2018-09-10 23:04:36', 0, 1, '{\"23\":\"49\",\"24\":\"50\",\"25\":\"51\",\"26\":\"52\"}', 0, 0, '33_15353823630.jpg', 'Розовый', 'UZS'),
(34, 'Черные классические туфли', 'chernye-klassicheskie-tufli', NULL, 'CUT\r\n60% polyurethane\r\n\r\n40% polyurethane thermoplastic\r\n\r\nLINING\r\n60% polyurethane\r\n\r\n40% polyester\r\n\r\nSOLE\r\n100% polyurethane thermoplastic\r\n\r\n', 284, NULL, 238000, 1000, 'male', 1, 1, 7, 34, 0, 0, 0, '2018-08-27 12:07:50', '2018-09-10 23:04:36', 0, 1, '{\"24\":\"50\",\"25\":\"51\"}', 0, 0, '34_15353824700.jpg', 'Черный', 'UZS'),
(35, 'Белые кроссовки', 'belye-krossovki', NULL, 'CUT\r\n60% polyurethane\r\n\r\n40% polyurethane thermoplastic\r\n\r\nLINING\r\n60% polyurethane\r\n\r\n40% polyester\r\n\r\nSOLE\r\n100% polyurethane thermoplastic\r\n\r\n', 290, NULL, 332000, 1000, 'male', 1, 0, 7, 34, 0, 0, 1, '2018-08-27 12:09:45', '2018-09-20 06:49:39', 0, 1, '{\"24\":\"50\",\"25\":\"51\"}', 0, 0, '35_15353825850.jpg', 'Белый', 'UZS'),
(36, 'Классическая сумка', 'klassicheskaya-sumka', NULL, 'СНАРУЖИ\r\n100% полиуретан\r\nИЗНУТРИ\r\n100% полиэстер\r\n\r\n', 347, NULL, 252000, 1000, 'male', 1, 1, 7, 34, 0, 0, 2, '2018-08-27 12:13:36', '2018-09-10 23:04:36', 0, 1, '{\"3\":\"6\"}', 0, 0, '36_15353828160.jpg', 'Черный', 'UZS'),
(37, '3 подвески', '3-podveski', NULL, 'Золотого цвета 3 подвески', 367, NULL, 121000, 1000, 'male', 1, 1, 7, 34, 0, 0, 0, '2018-08-27 12:15:30', '2018-09-10 23:04:36', 0, 1, '{\"3\":\"6\"}', 0, 0, '37_15353829300.jpg', 'Желтый', 'UZS'),
(38, 'Часы', 'chasy', NULL, 'Золотые часики от Бершка', 363, NULL, 222000, 997, 'male', 1, 1, 7, 34, 0, 0, 2, '2018-08-27 12:17:01', '2018-09-11 00:42:55', 0, 1, '{\"3\":\"6\"}', 0, 0, '38_15353830210.jpg', 'Желтый', 'UZS'),
(39, 'Свитшот', 'svitshot', NULL, 'Материал:\r\n68% хлопок\r\n32% полиэстер\r\n97% хлопок\r\n3% эластан', 82, NULL, 215000, 861, 'male', 1, 1, 7, 34, 0, 0, 20, '2018-08-27 12:32:16', '2018-09-20 16:28:19', 0, 1, '{\"2\":\"5\",\"3\":\"6\",\"4\":\"7\"}', 1, 15, '39_15353839360.jpg', 'Красный', 'UZS'),
(40, 'Свитшот', 'svitshot-1', NULL, 'Материал: 68% хлопок 32% полиэстер 97% хлопок 3% эластан', 82, NULL, 215000, 1000, 'male', 0, 1, 7, 34, 0, 0, 2, '2018-08-27 12:34:55', '2018-09-10 23:04:36', 0, 1, '{\"3\":\"6\",\"4\":\"7\"}', 1, 15, '40_15353840950.jpg', 'Голубой', 'UZS'),
(42, 'Серое пальто', 'seroe-palto', NULL, 'Материал:\r\n50% шерсть\r\n30% полиэстер\r\n20% спандекс', 86, NULL, 782000, 1000, 'male', 1, 1, 7, 34, 0, 0, 9, '2018-08-27 12:49:54', '2018-09-18 07:33:08', 0, 1, '{\"2\":\"5\",\"3\":\"6\",\"4\":\"7\"}', 0, 0, '42_15353849940.jpg', 'Серый', 'UZS'),
(43, 'Замшевые туфли', 'zamshevye-tufli', NULL, 'CUT\r\n100% cow leather\r\n\r\nLINING\r\n60% cotton\r\n\r\n40% polyurethane\r\n\r\nSOLE\r\n100% thermoplastic rubber\r\n\r\n', 305, NULL, 391000, 1000, 'male', 0, 0, 7, 34, 0, 0, 1, '2018-08-27 15:07:22', '2018-09-17 08:58:34', 0, 1, '{\"28\":\"54\",\"29\":\"55\",\"30\":\"56\",\"31\":\"57\"}', 0, 0, '43_15353932420.jpg', 'Бежевый', 'UZS'),
(44, 'Классические туфли', 'klassicheskie-tufli', NULL, 'CUT\r\n100% polyurethane\r\n\r\nLINING\r\n55% polyester\r\n\r\n45% polyurethane\r\n\r\nSOLE\r\n100% thermoplastic rubber\r\n\r\n', 305, NULL, 678000, 999, 'male', 0, 1, 7, 34, 0, 0, 2, '2018-08-27 15:08:59', '2018-09-18 15:12:32', 0, 1, '{\"28\":\"54\",\"29\":\"55\",\"30\":\"56\",\"31\":\"57\"}', 0, 0, '44_15353934320.jpg', 'Белый', 'UZS'),
(45, 'Хаки кроссовки', 'khaki-krossovki', NULL, 'CUT\r\n85% polyester\r\n\r\n15% polyurethane\r\n\r\nLINING\r\n100% polyester\r\n\r\nSOLE\r\n100% ethylene vinyl acetate', 313, NULL, 517000, 1000, 'male', 1, 0, 7, 34, 0, 0, 0, '2018-08-27 15:13:07', '2018-09-10 23:04:36', 0, 1, '{\"28\":\"54\",\"29\":\"55\"}', 0, 0, '45_15353935870.jpg', 'Белый', 'UZS'),
(46, 'Легкий рюкзак', 'legkiy-ryukzak', NULL, 'EXTERIOR\r\n100% polyester\r\n\r\nLINING\r\n100% polyester\r\n\r\n', 376, NULL, 445000, 999, 'male', 0, 1, 7, 34, 0, 0, 1, '2018-08-27 15:19:27', '2018-09-10 23:04:36', 0, 1, '{\"3\":\"6\"}', 0, 0, '46_15353939670.jpg', 'Черный', 'UZS'),
(47, 'Легкий свитшот', 'legkiy-svitshot', NULL, 'MAIN FABRIC\r\n51% cotton\r\n\r\n49% polyester\r\n\r\nDETAILS\r\n51% cotton\r\n\r\n46% polyester\r\n\r\n3% elastane', 157, NULL, 189000, 1000, 'male', 0, 1, 7, 34, 0, 0, 2, '2018-08-27 15:23:59', '2018-09-10 23:04:36', 0, 1, '{\"2\":\"5\",\"3\":\"6\",\"4\":\"7\",\"5\":\"8\"}', 0, 0, '47_15353942390.jpg', 'Красный', 'UZS'),
(48, 'Голубая кофточка', 'golubaya-koftochka', NULL, 'EXTERIOR\r\n85% polyester\r\n\r\n15% viscose\r\n\r\n', 82, NULL, 134000, 976, 'male', 0, 1, 7, 34, 0, 0, 6, '2018-08-27 15:26:42', '2018-09-18 14:49:17', 0, 1, '{\"2\":\"5\",\"3\":\"6\",\"4\":\"7\"}', 1, 20, '48_15353944020.jpg', 'Голубой', 'UZS'),
(49, 'Теплая но легкая куртка', 'teplaya-no-legkaya-kurtka', NULL, 'EXTERIOR\r\n100% polyamide\r\n\r\nSLEEVES\r\n100% polyester\r\n\r\nBODY\r\n100% polyamide\r\n\r\nINTERIOR\r\n100% polyester', 85, NULL, 400000, 1000, 'male', 0, 0, 7, 34, 0, 0, 4, '2018-08-27 15:30:14', '2018-09-18 15:19:35', 0, 1, '{\"2\":\"5\",\"3\":\"6\",\"4\":\"7\"}', 1, 35, '49_15353946140.jpg', 'Зеленый', 'UZS'),
(50, 'Босоножки металлика', 'bosonozhki-metallika', NULL, 'CUT\r\n90% polyurethane\r\n\r\n10% polyurethane thermoplastic\r\n\r\nLINING\r\n100% polyurethane\r\n\r\nSOLE\r\n100% polyurethane thermoplastic', 293, NULL, 451000, 975, 'male', 0, 1, 7, 34, 0, 0, 16, '2018-08-27 15:35:47', '2018-09-20 15:38:05', 0, 1, '{\"24\":\"50\",\"25\":\"51\",\"26\":\"52\"}', 1, 20, '50_15353949470.jpg', 'Серый', 'UZS'),
(51, 'Песочный плащ', 'pesochnyy-plashch', NULL, 'EXTERIOR\r\n100% cotton\r\n\r\nMAIN FABRIC\r\n100% cotton\r\n\r\nSLEEVES\r\n100% polyester', 168, NULL, 781000, 1000, 'male', 1, 1, 7, 34, 0, 0, 0, '2018-08-27 15:37:50', '2018-09-10 23:04:36', 0, 1, '{\"3\":\"6\",\"4\":\"7\"}', 0, 0, '51_15353950700.jpg', 'Бежевый', 'UZS'),
(52, 'Теплая но легкая куртка', 'teplaya-no-legkaya-kurtka-1', NULL, 'EXTERIOR\r\n100% cotton\r\n\r\nMAIN FABRIC\r\n100% cotton\r\n\r\nSLEEVES\r\n100% polyester', 85, NULL, 451000, 1000, 'male', 1, 0, 7, 34, 0, 0, 2, '2018-08-27 15:42:04', '2018-09-11 00:41:41', 0, 1, '{\"2\":\"5\",\"3\":\"6\",\"4\":\"7\"}', 0, 0, '52_15353953240.jpg', 'Розовый', 'UZS'),
(53, 'Очень яркий рюкзак', 'ochen-yarkiy-ryukzak', NULL, 'EXTERIOR\r\n100% polyester\r\n\r\nLINING\r\n100% polyester\r\n\r\n', 376, NULL, 431000, 996, 'male', 0, 1, 7, 34, 0, 0, 15, '2018-08-27 15:43:58', '2018-09-20 15:39:44', 0, 1, '{\"3\":\"6\"}', 0, 0, '53_15353954380.jpg', 'Желтый', 'UZS'),
(54, 'Красные чиносы', 'krasnye-chinosy', NULL, 'EXTERIOR\r\n50% cotton\r\n\r\n47% polyester\r\n\r\n3% elastane\r\n\r\n', 93, NULL, 233000, 1000, 'male', 0, 1, 7, 34, 0, 0, 2, '2018-08-27 15:46:01', '2018-09-10 23:07:51', 0, 1, '{\"23\":\"49\",\"25\":\"51\",\"27\":\"53\"}', 0, 0, '54_15353955610.jpg', 'Красный', 'UZS'),
(55, 'Серые джинсы', 'serye-dzhinsy', NULL, 'EXTERIOR\r\n64% cotton\r\n\r\n33% polyester\r\n\r\n3% elastane', 105, NULL, 275000, 100000000, 'male', 0, 0, 7, 34, 0, 0, 6, '2018-08-27 15:48:21', '2018-09-20 15:42:58', 0, 1, '[\"49\"]', 0, 0, '55_15353957010.jpg', 'Белый', 'UZS'),
(56, 'Белые кеды', 'belye-kedy', NULL, '100% полиуретан. Теплые кеды для осени.', 290, NULL, 285000, 100000000, 'male', 0, 0, 8, 38, 0, 0, 1, '2018-09-20 09:40:41', '2018-09-20 09:42:47', 0, 1, '{\"27\":\"53\"}', 0, 0, '56_15374473630.jpg', 'Белый', 'UZS'),
(57, 'Рубашка в полоску', 'rubashka-v-polosku', NULL, 'Белая рубашка в голубую полоску', 68, NULL, 203000, 100000000, 'male', 0, 0, 8, 38, 0, 0, 0, '2018-09-20 09:48:04', '2018-09-20 09:48:06', 0, 1, '{\"3\":\"6\"}', 0, 0, '57_15374476840.jpg', 'Белый', 'UZS'),
(58, 'Розовый блейзер  ', 'rozovyy-bleyzer', NULL, 'Удлиненный блейзер.', 78, NULL, 531000, 100000000, 'male', 0, 0, 8, 38, 0, 0, 0, '2018-09-20 09:53:22', '2018-09-20 09:53:24', 0, 1, '{\"3\":\"6\"}', 0, 0, '58_15374480020.jpg', 'Розовый', 'UZS');

-- --------------------------------------------------------

--
-- Структура таблицы `product_category`
--

CREATE TABLE `product_category` (
  `product_id` int(10) UNSIGNED NOT NULL,
  `category_id` int(10) UNSIGNED NOT NULL
) ENGINE=InnoDB DEFAULT CHARSET=utf8 COLLATE=utf8_unicode_ci;

-- --------------------------------------------------------

--
-- Структура таблицы `promo_code`
--

CREATE TABLE `promo_code` (
  `id` int(10) UNSIGNED NOT NULL,
  `code` text COLLATE utf8_unicode_ci,
  `percent` int(11) NOT NULL DEFAULT '0',
  `start_at` datetime NOT NULL,
  `finished_at` datetime NOT NULL
) ENGINE=InnoDB DEFAULT CHARSET=utf8 COLLATE=utf8_unicode_ci;

--
-- Дамп данных таблицы `promo_code`
--

INSERT INTO `promo_code` (`id`, `code`, `percent`, `start_at`, `finished_at`) VALUES
(1, 'SUMMERSALE', 15, '2018-08-22 00:00:00', '2018-08-29 00:00:00');

-- --------------------------------------------------------

--
-- Структура таблицы `roles`
--

CREATE TABLE `roles` (
  `id` int(10) UNSIGNED NOT NULL,
  `name` varchar(255) COLLATE utf8_unicode_ci NOT NULL,
  `display_name` varchar(255) COLLATE utf8_unicode_ci DEFAULT NULL,
  `description` varchar(255) COLLATE utf8_unicode_ci DEFAULT NULL,
  `created_at` timestamp NULL DEFAULT NULL,
  `updated_at` timestamp NULL DEFAULT NULL
) ENGINE=InnoDB DEFAULT CHARSET=utf8 COLLATE=utf8_unicode_ci;

--
-- Дамп данных таблицы `roles`
--

INSERT INTO `roles` (`id`, `name`, `display_name`, `description`, `created_at`, `updated_at`) VALUES
(1, 'admin', NULL, NULL, NULL, NULL),
(2, 'salesman', NULL, NULL, NULL, NULL),
(3, 'user', NULL, NULL, NULL, NULL);

-- --------------------------------------------------------

--
-- Структура таблицы `role_user`
--

CREATE TABLE `role_user` (
  `user_id` int(10) UNSIGNED NOT NULL,
  `role_id` int(10) UNSIGNED NOT NULL
) ENGINE=InnoDB DEFAULT CHARSET=utf8 COLLATE=utf8_unicode_ci;

--
-- Дамп данных таблицы `role_user`
--

INSERT INTO `role_user` (`user_id`, `role_id`) VALUES
(34, 1),
(38, 2),
(40, 2),
(35, 3),
(39, 3);

-- --------------------------------------------------------

--
-- Структура таблицы `settings`
--

CREATE TABLE `settings` (
  `id` int(10) UNSIGNED NOT NULL,
  `payment_config` text COLLATE utf8_unicode_ci,
  `price_delivery` int(11) DEFAULT NULL,
  `course` decimal(6,2) DEFAULT NULL,
  `auto_course` tinyint(1) NOT NULL DEFAULT '1'
) ENGINE=InnoDB DEFAULT CHARSET=utf8 COLLATE=utf8_unicode_ci;

--
-- Дамп данных таблицы `settings`
--

INSERT INTO `settings` (`id`, `payment_config`, `price_delivery`, `course`, `auto_course`) VALUES
(1, NULL, 15000, '7880.00', 1);

-- --------------------------------------------------------

--
-- Структура таблицы `shops`
--

CREATE TABLE `shops` (
  `id` int(10) UNSIGNED NOT NULL,
  `title` varchar(255) COLLATE utf8_unicode_ci NOT NULL,
  `mall_type` int(11) NOT NULL DEFAULT '0',
  `address` text COLLATE utf8_unicode_ci NOT NULL,
  `mall_id` int(11) NOT NULL DEFAULT '0',
  `floor` int(11) NOT NULL DEFAULT '0',
  `shop_number` int(11) NOT NULL DEFAULT '0',
  `phone` varchar(255) COLLATE utf8_unicode_ci DEFAULT NULL,
  `user_id` int(10) UNSIGNED NOT NULL,
  `lat` decimal(18,14) NOT NULL DEFAULT '0.00000000000000',
  `lng` decimal(18,14) NOT NULL DEFAULT '0.00000000000000',
  `is_recommended` enum('0','1') COLLATE utf8_unicode_ci NOT NULL,
  `view_amount` int(11) NOT NULL DEFAULT '0',
  `like_amount` int(11) NOT NULL DEFAULT '0',
  `dislike_amount` int(11) NOT NULL DEFAULT '0',
  `product_amount` int(11) NOT NULL DEFAULT '0',
  `phone_view_amount` int(11) NOT NULL DEFAULT '0',
  `day1` tinyint(1) NOT NULL DEFAULT '0',
  `day2` tinyint(1) NOT NULL DEFAULT '0',
  `day3` tinyint(1) NOT NULL DEFAULT '0',
  `day4` tinyint(1) NOT NULL DEFAULT '0',
  `day5` tinyint(1) NOT NULL DEFAULT '0',
  `day6` tinyint(1) NOT NULL DEFAULT '0',
  `day7` tinyint(1) NOT NULL DEFAULT '0',
  `working_hour_start` time NOT NULL DEFAULT '00:00:00',
  `working_hour_end` time NOT NULL DEFAULT '00:00:00',
  `alias` varchar(255) COLLATE utf8_unicode_ci NOT NULL,
  `created_at` timestamp NULL DEFAULT NULL,
  `updated_at` timestamp NULL DEFAULT NULL,
  `status` tinyint(4) NOT NULL DEFAULT '1',
  `main_image` varchar(255) COLLATE utf8_unicode_ci DEFAULT NULL
) ENGINE=InnoDB DEFAULT CHARSET=utf8 COLLATE=utf8_unicode_ci;

--
-- Дамп данных таблицы `shops`
--

INSERT INTO `shops` (`id`, `title`, `mall_type`, `address`, `mall_id`, `floor`, `shop_number`, `phone`, `user_id`, `lat`, `lng`, `is_recommended`, `view_amount`, `like_amount`, `dislike_amount`, `product_amount`, `phone_view_amount`, `day1`, `day2`, `day3`, `day4`, `day5`, `day6`, `day7`, `working_hour_start`, `working_hour_end`, `alias`, `created_at`, `updated_at`, `status`, `main_image`) VALUES
(7, 'Магазин', 1, 'Saqichmon ko\'chasi, Тошкент, Узбекистан', 5, 0, 0, '998946347703', 34, '41.32681068238257', '69.23515319824219', '1', 8, 0, 0, 0, 13, 1, 1, 1, 1, 1, 0, 0, '09:00:00', '18:00:00', 'mango', '2018-08-25 07:47:24', '2018-09-20 16:05:12', 1, '7_1537428604.jpg'),
(8, 'Moon Uzbekistan ', 4, 'Mirobod 1-KO\'Chasi, Hamza, Toshkent, Toshkent Shahri', 28, 0, 0, '998998979557', 38, '41.29405931409850', '69.26959276199342', '0', 0, 0, 0, 0, 0, 1, 1, 1, 1, 1, 0, 0, '09:00:00', '18:00:00', 'moon-uzbekistan', '2018-09-20 08:56:48', '2018-09-20 08:56:50', 1, '8_1537444610.jpg');

-- --------------------------------------------------------

--
-- Структура таблицы `size_products`
--

CREATE TABLE `size_products` (
  `id` int(10) UNSIGNED NOT NULL,
  `key` varchar(255) COLLATE utf8_unicode_ci NOT NULL,
  `value` varchar(255) COLLATE utf8_unicode_ci DEFAULT NULL
) ENGINE=InnoDB DEFAULT CHARSET=utf8 COLLATE=utf8_unicode_ci;

--
-- Дамп данных таблицы `size_products`
--

INSERT INTO `size_products` (`id`, `key`, `value`) VALUES
(4, 'XS', '1'),
(5, 'S', '2'),
(6, 'M', '3'),
(7, 'L', '4'),
(8, 'XL', '5'),
(13, '2XL', '6'),
(14, '3XL', '7'),
(15, '4XL', '8'),
(35, '22', '9'),
(36, '23', '10'),
(37, '24', '11'),
(38, '25', '12'),
(39, '26', '13'),
(40, '27', '14'),
(41, '28', '15'),
(42, '29', '16'),
(43, '30', '17'),
(44, '31', '18'),
(45, '32', '19'),
(46, '33', '20'),
(47, '34', '21'),
(48, '35', '22'),
(49, '36', '23'),
(50, '37', '24'),
(51, '38', '25'),
(52, '39', '26'),
(53, '40', '27'),
(54, '41', '28'),
(55, '42', '29'),
(56, '43', '30'),
(57, '44', '31'),
(58, '45', '32'),
(59, '46', '33'),
(60, '48', '34'),
(61, '50', '35'),
(62, '52', '36'),
(63, '54', '37'),
(64, '56', '38'),
(65, '58', '39'),
(66, '60', '40'),
(67, '62', '41'),
(68, '0м', '42'),
(69, '1м', '43'),
(70, '2м', '44'),
(71, '3м', '45'),
(72, '4м', '46'),
(73, '5м', '47'),
(74, '6м', '48'),
(76, '7м', '49'),
(77, '8м', '50'),
(78, '9м', '51'),
(79, '10м', '52'),
(80, '11м', '53'),
(81, '12м', '54'),
(82, '24м', '55'),
(83, '1г', '56'),
(84, '2г', '57'),
(85, '3г', '58'),
(86, '4г', '59'),
(87, '5г', '60'),
(88, '6г', '61'),
(89, '7г', '62'),
(90, '8г', '63'),
(91, '9г', '64'),
(92, '10г', '65'),
(93, '11г', '66'),
(94, '12г', '67'),
(95, '13г', '68'),
(96, '14г', '69'),
(97, '70A', '70'),
(98, '75A', '71'),
(99, '80A', '72'),
(100, '70B', '73'),
(101, '75B', '74'),
(102, '80B', '75'),
(103, '85B', '76'),
(104, '70C', '77'),
(105, '75C', '78'),
(106, '80C', '78'),
(107, '85C', '79'),
(108, '75D', '80'),
(109, '80D', '81'),
(110, '85D', '82'),
(111, '75E', '83'),
(112, '80E', '84'),
(113, '85E', '85'),
(114, '75F', '86'),
(115, '80F', '87'),
(116, '85F', '88');

-- --------------------------------------------------------

--
-- Структура таблицы `transactions`
--

CREATE TABLE `transactions` (
  `id` bigint(20) UNSIGNED NOT NULL,
  `paycom_transaction_id` varchar(255) COLLATE utf8_unicode_ci DEFAULT NULL,
  `paycom_time` varchar(255) COLLATE utf8_unicode_ci DEFAULT NULL,
  `paycom_time_datetime` datetime DEFAULT NULL,
  `create_time` datetime DEFAULT NULL,
  `perform_time` datetime DEFAULT NULL,
  `cancel_time` datetime DEFAULT NULL,
  `amount` int(11) DEFAULT NULL,
  `state` tinyint(4) DEFAULT NULL,
  `reason` tinyint(4) DEFAULT NULL,
  `receivers` text COLLATE utf8_unicode_ci,
  `order_id` int(11) DEFAULT NULL
) ENGINE=InnoDB DEFAULT CHARSET=utf8 COLLATE=utf8_unicode_ci;

--
-- Дамп данных таблицы `transactions`
--

INSERT INTO `transactions` (`id`, `paycom_transaction_id`, `paycom_time`, `paycom_time_datetime`, `create_time`, `perform_time`, `cancel_time`, `amount`, `state`, `reason`, `receivers`, `order_id`) VALUES
(4, '5b96b20546aa69201ee051fe', '1536602629158', '2018-09-10 21:03:49', '2018-09-10 21:03:49', '2018-09-10 21:03:56', NULL, 37580000, 2, NULL, NULL, 40);

-- --------------------------------------------------------

--
-- Структура таблицы `users`
--

CREATE TABLE `users` (
  `id` int(10) UNSIGNED NOT NULL,
  `name` varchar(255) COLLATE utf8_unicode_ci NOT NULL,
  `lastname` varchar(255) COLLATE utf8_unicode_ci NOT NULL,
  `email` varchar(255) COLLATE utf8_unicode_ci NOT NULL,
  `phone` varchar(255) COLLATE utf8_unicode_ci NOT NULL,
  `password` varchar(255) COLLATE utf8_unicode_ci NOT NULL,
  `remember_token` varchar(100) COLLATE utf8_unicode_ci DEFAULT NULL,
  `created_at` timestamp NULL DEFAULT NULL,
  `updated_at` timestamp NULL DEFAULT NULL,
  `status` int(11) NOT NULL DEFAULT '0'
) ENGINE=InnoDB DEFAULT CHARSET=utf8 COLLATE=utf8_unicode_ci;

--
-- Дамп данных таблицы `users`
--

INSERT INTO `users` (`id`, `name`, `lastname`, `email`, `phone`, `password`, `remember_token`, `created_at`, `updated_at`, `status`) VALUES
(34, 'Dilya', 'Alimova', 'dilya@gmail.com', ' 998 94 6347703', '$2y$10$94D3JO237EndqRZCu8vQG.cCJb694jL9tlfYY68ayUx4h6hWcBURK', '6YDTPFaQazMtCwyMatWB9EM78FYXgrlxMgx9WZD16YFnWuCtbmpfdyVDNvg5', '2018-08-25 07:24:14', '2018-09-20 15:35:29', 1),
(35, 'Пользователь', 'Пользователь', 'dilya@gmail.coma', '998946347703', '$2y$10$.OXWtfxGPldbo.yFRbJch.jUOZQFo7eLXGd6h92hN0Eamck9OXkLi', 'p7vus29M7P5nvz2ZUEv0JX9cz12egWWUIb9rcOorWv8CrElcImysjTNSfbA2', '2018-08-25 09:16:04', '2018-09-20 08:56:23', 1),
(38, 'Назима', 'Газиева', 'nazimag96@mail.com', ' 998 99 8351336', '$2y$10$W5.DQmJKXoD79ENCMSz9rOsKfDsovIytAz2kzXTr1kJi9nWOsWqG2', 'XxBakt4uuKM62U5kI8XjBFdC6qku2Z8QseRsieM2FLEaAn40h47IGvCPf1PM', '2018-09-19 07:51:18', '2018-09-19 08:18:19', 1),
(39, 'nurmanovig@gmail.com', 'nurmanovig@gmail.com', 'nurmanovig@gmail.com', ' 998 90 6473598', '$2y$10$.kMYTmBeJLXRGvPck3HkbOR2OPLO6IjclUiUxkdahti3DBXIpVSCy', '4OgAlNSDQDugY2xr60vuAtdVgWVQVejttrKtM3qQ2o1eR8UlLLLTrD3mvYgy', '2018-09-20 15:36:34', '2018-09-20 16:10:26', 1),
(40, 'test', 'test', 'test@email.com', ' 998 90 6473594', '$2y$10$LvjLpfhGgD1FOkgh0dnD0ud4YYacpdt.y14JJ01lfo3iVCweTxnvy', NULL, '2018-09-20 16:11:56', '2018-09-20 16:12:24', 1);

--
-- Индексы сохранённых таблиц
--

--
-- Индексы таблицы `categories`
--
ALTER TABLE `categories`
  ADD PRIMARY KEY (`id`);

--
-- Индексы таблицы `category_feature`
--
ALTER TABLE `category_feature`
  ADD KEY `category_feature_category_id_foreign` (`category_id`),
  ADD KEY `category_feature_feature_id_foreign` (`feature_id`);

--
-- Индексы таблицы `click_uz`
--
ALTER TABLE `click_uz`
  ADD PRIMARY KEY (`id`);

--
-- Индексы таблицы `comments`
--
ALTER TABLE `comments`
  ADD PRIMARY KEY (`id`);

--
-- Индексы таблицы `favourite_products`
--
ALTER TABLE `favourite_products`
  ADD PRIMARY KEY (`id`);

--
-- Индексы таблицы `features`
--
ALTER TABLE `features`
  ADD PRIMARY KEY (`id`);

--
-- Индексы таблицы `feedback`
--
ALTER TABLE `feedback`
  ADD PRIMARY KEY (`id`);

--
-- Индексы таблицы `feedback_type`
--
ALTER TABLE `feedback_type`
  ADD PRIMARY KEY (`id`);

--
-- Индексы таблицы `icons`
--
ALTER TABLE `icons`
  ADD PRIMARY KEY (`id`);

--
-- Индексы таблицы `key_words`
--
ALTER TABLE `key_words`
  ADD PRIMARY KEY (`id`);

--
-- Индексы таблицы `likes`
--
ALTER TABLE `likes`
  ADD PRIMARY KEY (`id`);

--
-- Индексы таблицы `mall_categories`
--
ALTER TABLE `mall_categories`
  ADD PRIMARY KEY (`id`);

--
-- Индексы таблицы `migrations`
--
ALTER TABLE `migrations`
  ADD PRIMARY KEY (`id`);

--
-- Индексы таблицы `orders`
--
ALTER TABLE `orders`
  ADD PRIMARY KEY (`id`);

--
-- Индексы таблицы `order_product`
--
ALTER TABLE `order_product`
  ADD PRIMARY KEY (`id`);

--
-- Индексы таблицы `pages`
--
ALTER TABLE `pages`
  ADD PRIMARY KEY (`id`);

--
-- Индексы таблицы `password_resets`
--
ALTER TABLE `password_resets`
  ADD KEY `password_resets_email_index` (`email`),
  ADD KEY `password_resets_token_index` (`token`);

--
-- Индексы таблицы `payme_uz`
--
ALTER TABLE `payme_uz`
  ADD PRIMARY KEY (`id`);

--
-- Индексы таблицы `permissions`
--
ALTER TABLE `permissions`
  ADD PRIMARY KEY (`id`),
  ADD UNIQUE KEY `permissions_name_unique` (`name`);

--
-- Индексы таблицы `permission_role`
--
ALTER TABLE `permission_role`
  ADD PRIMARY KEY (`permission_id`,`role_id`),
  ADD KEY `permission_role_role_id_foreign` (`role_id`);

--
-- Индексы таблицы `products`
--
ALTER TABLE `products`
  ADD PRIMARY KEY (`id`),
  ADD UNIQUE KEY `id` (`id`);

--
-- Индексы таблицы `promo_code`
--
ALTER TABLE `promo_code`
  ADD PRIMARY KEY (`id`);

--
-- Индексы таблицы `roles`
--
ALTER TABLE `roles`
  ADD PRIMARY KEY (`id`),
  ADD UNIQUE KEY `roles_name_unique` (`name`);

--
-- Индексы таблицы `role_user`
--
ALTER TABLE `role_user`
  ADD PRIMARY KEY (`user_id`,`role_id`),
  ADD KEY `role_user_role_id_foreign` (`role_id`);

--
-- Индексы таблицы `settings`
--
ALTER TABLE `settings`
  ADD PRIMARY KEY (`id`);

--
-- Индексы таблицы `shops`
--
ALTER TABLE `shops`
  ADD PRIMARY KEY (`id`);

--
-- Индексы таблицы `size_products`
--
ALTER TABLE `size_products`
  ADD PRIMARY KEY (`id`);

--
-- Индексы таблицы `transactions`
--
ALTER TABLE `transactions`
  ADD PRIMARY KEY (`id`);

--
-- Индексы таблицы `users`
--
ALTER TABLE `users`
  ADD PRIMARY KEY (`id`),
  ADD UNIQUE KEY `users_email_unique` (`email`);

--
-- AUTO_INCREMENT для сохранённых таблиц
--

--
-- AUTO_INCREMENT для таблицы `categories`
--
ALTER TABLE `categories`
  MODIFY `id` int(10) UNSIGNED NOT NULL AUTO_INCREMENT, AUTO_INCREMENT=412;

--
-- AUTO_INCREMENT для таблицы `click_uz`
--
ALTER TABLE `click_uz`
  MODIFY `id` bigint(20) UNSIGNED NOT NULL AUTO_INCREMENT;

--
-- AUTO_INCREMENT для таблицы `comments`
--
ALTER TABLE `comments`
  MODIFY `id` int(10) UNSIGNED NOT NULL AUTO_INCREMENT, AUTO_INCREMENT=5;

--
-- AUTO_INCREMENT для таблицы `favourite_products`
--
ALTER TABLE `favourite_products`
  MODIFY `id` int(10) UNSIGNED NOT NULL AUTO_INCREMENT, AUTO_INCREMENT=14;

--
-- AUTO_INCREMENT для таблицы `features`
--
ALTER TABLE `features`
  MODIFY `id` int(10) UNSIGNED NOT NULL AUTO_INCREMENT;

--
-- AUTO_INCREMENT для таблицы `feedback`
--
ALTER TABLE `feedback`
  MODIFY `id` int(10) UNSIGNED NOT NULL AUTO_INCREMENT;

--
-- AUTO_INCREMENT для таблицы `feedback_type`
--
ALTER TABLE `feedback_type`
  MODIFY `id` int(10) UNSIGNED NOT NULL AUTO_INCREMENT, AUTO_INCREMENT=8;

--
-- AUTO_INCREMENT для таблицы `icons`
--
ALTER TABLE `icons`
  MODIFY `id` bigint(20) UNSIGNED NOT NULL AUTO_INCREMENT, AUTO_INCREMENT=7;

--
-- AUTO_INCREMENT для таблицы `key_words`
--
ALTER TABLE `key_words`
  MODIFY `id` bigint(20) UNSIGNED NOT NULL AUTO_INCREMENT, AUTO_INCREMENT=14;

--
-- AUTO_INCREMENT для таблицы `likes`
--
ALTER TABLE `likes`
  MODIFY `id` int(10) UNSIGNED NOT NULL AUTO_INCREMENT, AUTO_INCREMENT=20;

--
-- AUTO_INCREMENT для таблицы `mall_categories`
--
ALTER TABLE `mall_categories`
  MODIFY `id` int(10) UNSIGNED NOT NULL AUTO_INCREMENT, AUTO_INCREMENT=38;

--
-- AUTO_INCREMENT для таблицы `migrations`
--
ALTER TABLE `migrations`
  MODIFY `id` int(10) UNSIGNED NOT NULL AUTO_INCREMENT, AUTO_INCREMENT=78;

--
-- AUTO_INCREMENT для таблицы `orders`
--
ALTER TABLE `orders`
  MODIFY `id` bigint(20) UNSIGNED NOT NULL AUTO_INCREMENT, AUTO_INCREMENT=211;

--
-- AUTO_INCREMENT для таблицы `order_product`
--
ALTER TABLE `order_product`
  MODIFY `id` bigint(20) NOT NULL AUTO_INCREMENT, AUTO_INCREMENT=223;

--
-- AUTO_INCREMENT для таблицы `pages`
--
ALTER TABLE `pages`
  MODIFY `id` int(10) UNSIGNED NOT NULL AUTO_INCREMENT, AUTO_INCREMENT=12;

--
-- AUTO_INCREMENT для таблицы `payme_uz`
--
ALTER TABLE `payme_uz`
  MODIFY `id` bigint(20) UNSIGNED NOT NULL AUTO_INCREMENT, AUTO_INCREMENT=27;

--
-- AUTO_INCREMENT для таблицы `permissions`
--
ALTER TABLE `permissions`
  MODIFY `id` int(10) UNSIGNED NOT NULL AUTO_INCREMENT;

--
-- AUTO_INCREMENT для таблицы `products`
--
ALTER TABLE `products`
  MODIFY `id` bigint(20) UNSIGNED NOT NULL AUTO_INCREMENT, AUTO_INCREMENT=59;

--
-- AUTO_INCREMENT для таблицы `promo_code`
--
ALTER TABLE `promo_code`
  MODIFY `id` int(10) UNSIGNED NOT NULL AUTO_INCREMENT, AUTO_INCREMENT=2;

--
-- AUTO_INCREMENT для таблицы `roles`
--
ALTER TABLE `roles`
  MODIFY `id` int(10) UNSIGNED NOT NULL AUTO_INCREMENT, AUTO_INCREMENT=4;

--
-- AUTO_INCREMENT для таблицы `settings`
--
ALTER TABLE `settings`
  MODIFY `id` int(10) UNSIGNED NOT NULL AUTO_INCREMENT, AUTO_INCREMENT=2;

--
-- AUTO_INCREMENT для таблицы `shops`
--
ALTER TABLE `shops`
  MODIFY `id` int(10) UNSIGNED NOT NULL AUTO_INCREMENT, AUTO_INCREMENT=9;

--
-- AUTO_INCREMENT для таблицы `size_products`
--
ALTER TABLE `size_products`
  MODIFY `id` int(10) UNSIGNED NOT NULL AUTO_INCREMENT, AUTO_INCREMENT=117;

--
-- AUTO_INCREMENT для таблицы `transactions`
--
ALTER TABLE `transactions`
  MODIFY `id` bigint(20) UNSIGNED NOT NULL AUTO_INCREMENT, AUTO_INCREMENT=5;

--
-- AUTO_INCREMENT для таблицы `users`
--
ALTER TABLE `users`
  MODIFY `id` int(10) UNSIGNED NOT NULL AUTO_INCREMENT, AUTO_INCREMENT=41;

--
-- Ограничения внешнего ключа сохраненных таблиц
--

--
-- Ограничения внешнего ключа таблицы `category_feature`
--
ALTER TABLE `category_feature`
  ADD CONSTRAINT `category_feature_category_id_foreign` FOREIGN KEY (`category_id`) REFERENCES `categories` (`id`) ON DELETE CASCADE ON UPDATE CASCADE,
  ADD CONSTRAINT `category_feature_feature_id_foreign` FOREIGN KEY (`feature_id`) REFERENCES `features` (`id`) ON DELETE CASCADE ON UPDATE CASCADE;

--
-- Ограничения внешнего ключа таблицы `permission_role`
--
ALTER TABLE `permission_role`
  ADD CONSTRAINT `permission_role_permission_id_foreign` FOREIGN KEY (`permission_id`) REFERENCES `permissions` (`id`) ON DELETE CASCADE ON UPDATE CASCADE,
  ADD CONSTRAINT `permission_role_role_id_foreign` FOREIGN KEY (`role_id`) REFERENCES `roles` (`id`) ON DELETE CASCADE ON UPDATE CASCADE;

--
-- Ограничения внешнего ключа таблицы `role_user`
--
ALTER TABLE `role_user`
  ADD CONSTRAINT `role_user_role_id_foreign` FOREIGN KEY (`role_id`) REFERENCES `roles` (`id`) ON DELETE CASCADE ON UPDATE CASCADE,
  ADD CONSTRAINT `role_user_user_id_foreign` FOREIGN KEY (`user_id`) REFERENCES `users` (`id`) ON DELETE CASCADE ON UPDATE CASCADE;
COMMIT;

/*!40101 SET CHARACTER_SET_CLIENT=@OLD_CHARACTER_SET_CLIENT */;
/*!40101 SET CHARACTER_SET_RESULTS=@OLD_CHARACTER_SET_RESULTS */;
/*!40101 SET COLLATION_CONNECTION=@OLD_COLLATION_CONNECTION */;
